id_country,show_id
2,s1
3,s2
1,s3
1,s4
4,s5
1,s6
1,s7
2,s8
5,s8
6,s8
7,s8
8,s8
9,s8
7,s9
2,s10
1,s11
1,s12
8,s13
10,s13
1,s14
1,s15
2,s16
1,s17
11,s18
1,s19
1,s20
1,s21
12,s22
1,s23
1,s24
4,s25
13,s26
1,s27
2,s28
2,s29
2,s30
4,s30
14,s30
1,s31
1,s32
7,s33
1,s34
1,s35
1,s36
1,s37
15,s38
16,s39
17,s39
2,s39
4,s40
2,s41
2,s42
2,s43
2,s44
2,s45
1,s46
3,s47
2,s47
18,s47
1,s48
2,s49
19,s50
4,s51
18,s52
18,s53
18,s54
18,s55
2,s56
18,s57
18,s58
18,s59
18,s60
18,s61
18,s62
18,s63
18,s64
1,s65
7,s66
4,s67
2,s68
1,s69
4,s70
1,s71
1,s72
7,s73
19,s74
1,s75
1,s76
18,s77
1,s78
1,s79
1,s80
1,s81
2,s82
2,s83
1,s84
19,s85
1,s86
1,s87
1,s88
1,s89
1,s90
20,s91
2,s91
14,s92
21,s93
1,s94
7,s95
2,s95
2,s96
7,s96
2,s97
2,s98
7,s99
14,s100
2,s100
1,s101
2,s102
1,s103
1,s104
22,s105
4,s106
2,s107
2,s108
13,s109
20,s110
1,s111
2,s112
23,s112
1,s113
1,s114
4,s115
7,s116
13,s116
14,s116
4,s117
7,s118
2,s118
4,s119
1,s120
13,s121
1,s122
7,s123
13,s123
14,s123
2,s123
1,s124
22,s125
2,s126
4,s127
2,s128
17,s128
1,s129
8,s130
2,s130
1,s131
2,s132
1,s133
3,s134
2,s134
2,s135
11,s135
2,s136
24,s136
14,s136
18,s136
2,s137
24,s137
25,s137
7,s137
13,s138
2,s138
2,s139
2,s140
26,s141
27,s141
2,s142
7,s142
17,s142
8,s143
2,s143
2,s144
2,s145
2,s146
2,s147
1,s148
1,s149
2,s150
2,s151
16,s152
28,s152
2,s153
29,s154
18,s155
7,s156
2,s156
2,s157
17,s158
2,s159
28,s160
2,s161
2,s162
2,s163
16,s163
28,s163
2,s164
2,s165
1,s166
24,s167
2,s167
2,s168
17,s168
2,s169
2,s170
2,s171
2,s172
2,s173
8,s173
2,s174
2,s175
2,s176
2,s177
7,s178
2,s178
2,s179
2,s180
1,s181
1,s182
2,s183
2,s184
2,s185
1,s186
1,s187
1,s188
14,s189
1,s190
4,s191
7,s192
17,s192
2,s192
4,s193
22,s194
1,s195
4,s196
1,s197
1,s198
19,s199
4,s200
4,s201
4,s202
4,s203
4,s204
4,s205
4,s206
4,s207
4,s208
4,s209
4,s210
4,s211
4,s212
30,s213
1,s214
1,s215
4,s216
4,s217
4,s218
1,s219
18,s220
2,s221
1,s222
1,s223
1,s224
1,s225
1,s226
1,s227
2,s228
2,s229
7,s229
2,s230
1,s231
2,s232
2,s233
7,s234
1,s235
1,s236
1,s237
1,s238
1,s239
1,s240
1,s241
2,s242
1,s243
1,s244
1,s245
1,s246
1,s247
2,s248
1,s249
1,s250
1,s251
2,s252
1,s253
4,s254
2,s255
1,s256
1,s257
1,s258
1,s259
4,s260
31,s260
1,s261
1,s262
1,s263
2,s264
2,s265
18,s266
4,s267
32,s268
13,s268
14,s268
2,s268
1,s269
24,s270
24,s271
33,s271
34,s271
2,s272
2,s273
14,s274
2,s275
26,s276
20,s277
35,s278
36,s279
2,s280
18,s280
2,s281
19,s282
11,s283
21,s284
7,s284
7,s285
2,s285
37,s286
7,s286
13,s286
2,s287
1,s288
36,s289
22,s290
2,s291
18,s292
7,s293
3,s294
1,s295
2,s296
38,s297
2,s297
4,s298
19,s299
14,s300
17,s301
2,s301
4,s302
33,s303
26,s304
7,s305
26,s306
20,s306
19,s307
2,s308
2,s309
1,s310
2,s311
11,s312
2,s313
39,s314
2,s315
2,s316
19,s316
39,s317
2,s318
1,s319
39,s320
1,s321
39,s322
39,s323
2,s324
24,s325
2,s326
2,s327
2,s328
7,s328
40,s329
2,s329
2,s330
17,s330
2,s331
17,s331
1,s332
2,s333
11,s333
2,s334
2,s335
2,s336
1,s337
2,s338
17,s338
18,s339
1,s340
2,s341
7,s341
2,s342
2,s343
2,s344
2,s345
2,s346
17,s346
2,s347
20,s348
7,s348
2,s348
7,s349
2,s349
2,s350
2,s351
2,s352
8,s352
2,s353
16,s353
2,s354
2,s355
2,s356
2,s357
14,s357
20,s358
14,s358
7,s358
2,s358
2,s359
2,s360
2,s361
2,s362
1,s363
1,s364
1,s365
14,s366
41,s366
7,s367
1,s368
1,s369
1,s370
2,s371
1,s372
1,s373
1,s374
19,s375
1,s376
1,s377
42,s378
2,s379
1,s380
2,s381
1,s382
2,s383
4,s384
1,s385
8,s386
2,s387
17,s387
1,s388
1,s389
14,s390
38,s390
8,s390
2,s390
7,s390
2,s391
17,s392
2,s392
2,s393
13,s394
1,s395
1,s396
1,s397
1,s398
1,s399
1,s400
1,s401
20,s402
7,s403
2,s404
1,s405
1,s406
1,s407
1,s408
1,s409
1,s410
4,s411
1,s412
1,s413
1,s414
1,s415
4,s416
1,s417
1,s418
1,s419
1,s420
1,s421
1,s422
1,s423
1,s424
1,s425
2,s426
32,s427
1,s428
1,s429
19,s430
1,s431
1,s432
1,s433
2,s434
26,s435
1,s436
43,s437
2,s438
1,s439
44,s440
2,s441
1,s442
2,s443
17,s443
1,s444
1,s445
2,s446
2,s447
2,s448
2,s449
2,s450
2,s451
2,s452
45,s453
18,s454
1,s455
1,s456
22,s457
46,s458
47,s458
8,s458
1,s459
2,s460
2,s461
17,s461
1,s462
2,s463
24,s464
1,s465
1,s466
1,s467
1,s468
1,s469
2,s470
17,s470
1,s471
1,s472
2,s473
2,s474
2,s475
37,s475
1,s476
1,s477
2,s478
8,s479
1,s480
1,s481
1,s482
1,s483
1,s484
1,s485
1,s486
28,s487
17,s487
2,s487
1,s488
2,s489
48,s490
2,s490
1,s491
2,s492
2,s493
2,s494
18,s494
2,s495
1,s496
14,s497
17,s497
2,s497
20,s497
1,s498
1,s499
2,s500
1,s501
1,s502
19,s503
42,s504
1,s505
1,s506
13,s507
1,s508
14,s509
49,s509
23,s509
2,s510
17,s511
2,s512
14,s513
21,s513
2,s514
7,s515
7,s516
44,s517
18,s518
4,s519
7,s520
2,s521
17,s522
29,s523
7,s524
18,s525
2,s526
17,s526
2,s527
30,s528
2,s528
7,s528
4,s529
46,s530
2,s531
50,s532
2,s533
38,s534
45,s535
17,s536
13,s537
18,s538
7,s539
13,s540
32,s540
7,s541
8,s541
4,s542
4,s543
21,s544
49,s544
17,s545
22,s546
1,s547
2,s548
2,s549
1,s550
1,s551
4,s552
1,s553
14,s554
19,s555
22,s556
10,s556
22,s557
13,s558
2,s558
2,s559
2,s560
8,s560
1,s561
2,s562
2,s563
2,s564
2,s565
13,s566
8,s566
2,s567
8,s567
2,s568
2,s569
51,s570
1,s571
1,s572
7,s573
21,s573
2,s574
16,s574
2,s575
16,s575
2,s576
7,s577
13,s577
2,s577
1,s578
14,s579
18,s579
2,s579
2,s580
1,s581
2,s582
2,s583
2,s584
7,s584
2,s585
7,s586
2,s586
1,s587
1,s588
2,s589
7,s590
1,s591
2,s592
2,s593
2,s594
2,s595
8,s595
8,s596
2,s596
2,s597
2,s598
2,s599
7,s599
2,s600
2,s601
2,s602
2,s603
2,s604
7,s605
8,s605
20,s605
2,s605
2,s606
7,s607
2,s607
14,s607
24,s607
2,s608
2,s609
8,s609
17,s609
2,s610
14,s610
24,s610
7,s610
2,s611
7,s611
8,s611
52,s611
2,s612
17,s612
2,s613
32,s613
19,s614
2,s615
32,s615
2,s616
1,s617
53,s618
2,s619
1,s620
2,s621
1,s622
2,s623
1,s624
1,s625
11,s626
1,s627
16,s628
2,s629
1,s630
2,s631
18,s632
1,s633
1,s634
14,s635
54,s636
2,s637
17,s637
1,s638
2,s639
1,s640
1,s641
1,s642
18,s643
2,s644
1,s645
1,s646
1,s647
1,s648
2,s649
1,s650
33,s651
19,s652
1,s653
1,s654
25,s655
25,s656
25,s657
2,s658
1,s659
44,s660
2,s661
14,s662
2,s663
1,s664
20,s665
15,s666
8,s666
1,s667
2,s668
2,s669
20,s670
1,s671
1,s672
1,s673
26,s674
2,s675
18,s676
2,s677
17,s678
2,s678
2,s679
44,s680
2,s681
7,s682
13,s683
1,s684
20,s685
2,s686
22,s687
1,s688
19,s689
1,s690
1,s691
1,s692
1,s693
1,s694
54,s695
55,s695
1,s696
17,s697
2,s697
1,s698
56,s699
57,s700
1,s701
17,s702
2,s703
12,s704
1,s705
8,s706
1,s707
1,s708
2,s709
26,s710
1,s711
24,s712
1,s713
2,s714
1,s715
1,s716
2,s717
1,s718
2,s719
2,s720
1,s721
2,s722
2,s723
2,s724
2,s725
7,s725
1,s726
2,s727
2,s728
2,s729
1,s730
1,s731
22,s732
1,s733
47,s734
14,s735
2,s735
4,s736
2,s737
4,s737
56,s738
23,s738
45,s738
1,s739
16,s740
2,s740
17,s740
2,s741
54,s742
58,s742
51,s743
17,s744
2,s744
47,s744
36,s745
58,s746
2,s747
19,s748
2,s749
2,s750
11,s751
14,s751
36,s751
1,s752
2,s753
7,s753
36,s754
7,s755
2,s755
49,s756
19,s757
2,s758
7,s759
1,s760
1,s761
1,s762
22,s763
2,s764
3,s765
20,s766
11,s767
18,s768
53,s769
26,s770
58,s771
1,s772
24,s773
56,s774
2,s775
2,s776
2,s777
2,s778
18,s779
2,s780
7,s781
1,s782
17,s783
2,s783
33,s784
2,s785
17,s785
2,s786
2,s787
2,s788
2,s789
7,s790
2,s791
2,s792
2,s793
2,s794
19,s795
2,s796
2,s797
2,s798
2,s799
2,s800
2,s801
2,s802
8,s803
2,s803
14,s803
18,s804
17,s805
2,s805
1,s806
1,s807
1,s808
2,s809
40,s809
2,s810
2,s811
1,s812
2,s813
2,s814
17,s814
2,s815
1,s816
7,s817
14,s817
8,s817
2,s817
2,s818
2,s819
2,s820
58,s821
7,s822
2,s823
2,s824
2,s825
2,s826
2,s827
1,s828
2,s829
1,s830
2,s831
1,s832
1,s833
38,s834
2,s835
1,s836
44,s837
59,s838
47,s838
26,s839
55,s840
14,s840
54,s840
60,s840
24,s841
1,s842
1,s843
18,s844
1,s845
1,s846
2,s847
1,s848
2,s849
1,s850
4,s851
1,s852
1,s853
2,s854
1,s855
2,s856
1,s857
20,s858
1,s859
46,s860
13,s861
1,s862
2,s863
2,s864
1,s865
2,s866
2,s867
2,s868
17,s869
2,s869
11,s870
2,s871
4,s872
2,s873
4,s874
7,s875
1,s876
4,s877
4,s878
21,s879
49,s879
2,s880
2,s881
10,s881
3,s882
61,s883
2,s884
22,s885
17,s886
3,s886
1,s887
62,s888
1,s889
2,s890
2,s891
7,s892
4,s893
1,s894
11,s895
33,s895
14,s896
2,s896
2,s897
1,s898
1,s899
20,s900
2,s901
2,s902
22,s903
4,s904
2,s905
16,s906
12,s907
2,s908
2,s909
4,s910
2,s911
4,s912
1,s913
4,s914
7,s915
2,s915
8,s916
14,s916
2,s917
2,s918
4,s919
2,s920
11,s921
2,s921
2,s922
2,s923
1,s924
2,s925
1,s926
2,s927
1,s928
2,s929
1,s930
2,s931
2,s932
7,s933
14,s933
20,s933
2,s933
7,s934
2,s934
7,s935
17,s935
2,s935
2,s936
1,s937
1,s938
1,s939
1,s940
1,s941
1,s942
2,s943
13,s943
2,s944
16,s945
7,s946
2,s947
14,s947
2,s948
7,s948
14,s948
2,s949
2,s950
29,s950
2,s951
7,s951
32,s951
2,s952
2,s953
2,s954
17,s955
14,s956
2,s956
2,s957
1,s958
1,s959
4,s960
1,s961
1,s962
2,s963
7,s963
1,s964
1,s965
1,s966
33,s967
1,s968
42,s969
2,s970
2,s971
20,s972
12,s973
4,s974
4,s975
2,s976
12,s977
12,s978
12,s979
12,s980
12,s981
12,s982
12,s983
20,s984
12,s985
12,s986
12,s987
1,s988
44,s989
12,s990
12,s991
46,s992
1,s993
2,s994
19,s995
12,s996
18,s997
13,s998
7,s998
4,s999
8,s1000
2,s1000
1,s1001
17,s1002
19,s1002
2,s1002
11,s1003
24,s1004
13,s1005
1,s1006
1,s1007
1,s1008
1,s1009
1,s1010
1,s1011
2,s1012
11,s1013
14,s1014
2,s1014
7,s1014
17,s1014
14,s1015
7,s1015
2,s1016
4,s1017
4,s1018
4,s1019
4,s1020
7,s1020
4,s1021
4,s1022
4,s1023
4,s1024
2,s1025
1,s1026
2,s1027
17,s1028
2,s1028
11,s1028
1,s1029
2,s1030
56,s1031
8,s1032
22,s1033
7,s1034
8,s1034
2,s1034
2,s1035
10,s1036
7,s1036
2,s1036
2,s1037
4,s1038
1,s1039
2,s1040
18,s1041
18,s1042
2,s1043
2,s1044
18,s1045
2,s1046
2,s1047
54,s1048
2,s1049
14,s1049
16,s1050
7,s1050
18,s1051
18,s1052
2,s1053
2,s1054
1,s1055
2,s1056
1,s1057
2,s1058
24,s1059
7,s1059
2,s1060
2,s1061
4,s1061
2,s1062
22,s1063
2,s1064
22,s1065
17,s1066
16,s1067
39,s1067
44,s1068
2,s1069
4,s1070
2,s1071
1,s1072
1,s1073
1,s1074
1,s1075
2,s1076
33,s1076
18,s1076
20,s1076
4,s1076
1,s1077
1,s1078
1,s1079
38,s1080
2,s1080
16,s1081
2,s1082
1,s1083
2,s1084
16,s1085
22,s1086
19,s1087
4,s1088
2,s1089
2,s1090
45,s1091
18,s1092
1,s1093
4,s1094
1,s1095
1,s1096
1,s1097
2,s1098
16,s1098
7,s1098
4,s1099
63,s1100
2,s1101
2,s1102
17,s1102
2,s1103
16,s1104
2,s1105
17,s1105
7,s1106
2,s1106
2,s1107
19,s1108
4,s1109
49,s1110
14,s1111
2,s1112
7,s1112
14,s1112
2,s1113
2,s1114
4,s1115
4,s1116
1,s1117
54,s1118
64,s1118
47,s1118
60,s1118
2,s1119
17,s1119
2,s1120
17,s1120
18,s1121
2,s1121
2,s1122
4,s1123
65,s1124
8,s1124
2,s1125
7,s1126
2,s1127
2,s1128
2,s1129
7,s1130
1,s1131
18,s1132
1,s1133
2,s1134
2,s1135
18,s1135
2,s1136
45,s1137
46,s1138
43,s1138
7,s1139
14,s1139
42,s1139
8,s1139
2,s1139
2,s1140
2,s1141
4,s1142
2,s1143
2,s1144
2,s1145
7,s1145
30,s1146
37,s1146
7,s1146
14,s1146
2,s1146
2,s1147
11,s1147
7,s1148
22,s1149
18,s1150
2,s1151
16,s1152
7,s1152
2,s1153
7,s1154
3,s1154
14,s1154
2,s1155
19,s1156
2,s1157
2,s1158
2,s1159
1,s1160
30,s1161
7,s1161
14,s1161
8,s1161
7,s1162
12,s1163
20,s1164
20,s1165
4,s1166
7,s1167
24,s1168
2,s1169
18,s1170
29,s1171
2,s1171
2,s1172
3,s1173
22,s1174
22,s1175
7,s1176
2,s1176
14,s1176
18,s1177
39,s1178
2,s1179
2,s1180
18,s1180
1,s1181
2,s1182
7,s1183
1,s1184
16,s1185
19,s1186
18,s1187
2,s1188
33,s1189
2,s1190
7,s1191
2,s1191
2,s1192
7,s1193
1,s1194
19,s1195
2,s1196
21,s1197
7,s1198
2,s1198
8,s1199
2,s1200
2,s1201
46,s1202
4,s1203
2,s1204
4,s1204
7,s1204
2,s1205
2,s1206
7,s1206
7,s1207
1,s1208
12,s1209
66,s1210
22,s1211
12,s1212
12,s1213
2,s1214
1,s1215
12,s1216
12,s1217
7,s1218
2,s1219
12,s1220
20,s1221
26,s1221
45,s1222
2,s1223
14,s1224
1,s1225
1,s1226
8,s1227
4,s1228
4,s1229
7,s1229
14,s1229
60,s1229
46,s1230
4,s1231
2,s1232
36,s1233
19,s1234
20,s1235
1,s1236
14,s1237
45,s1238
2,s1239
13,s1239
2,s1240
2,s1241
2,s1242
2,s1243
2,s1244
4,s1245
2,s1246
1,s1247
1,s1248
2,s1249
1,s1250
1,s1251
2,s1252
7,s1252
8,s1253
2,s1254
2,s1255
1,s1256
2,s1257
8,s1257
18,s1258
21,s1259
14,s1259
2,s1260
20,s1261
26,s1262
67,s1262
1,s1263
2,s1264
44,s1264
2,s1265
4,s1266
67,s1267
33,s1267
8,s1268
2,s1269
36,s1269
45,s1270
2,s1271
36,s1271
1,s1272
2,s1273
18,s1274
2,s1275
2,s1276
1,s1277
2,s1278
2,s1279
17,s1280
7,s1281
4,s1282
4,s1283
2,s1284
17,s1285
2,s1285
7,s1285
22,s1286
39,s1287
7,s1288
2,s1289
1,s1290
7,s1291
2,s1291
4,s1292
65,s1293
4,s1294
8,s1295
4,s1296
22,s1297
2,s1298
22,s1299
1,s1300
2,s1301
7,s1302
2,s1303
2,s1304
2,s1305
4,s1306
2,s1307
2,s1308
7,s1309
2,s1310
2,s1311
19,s1312
7,s1313
2,s1314
2,s1315
20,s1316
4,s1317
7,s1318
2,s1319
11,s1320
68,s1321
11,s1322
20,s1323
45,s1324
2,s1325
53,s1326
42,s1327
2,s1328
2,s1329
14,s1330
2,s1331
2,s1332
2,s1333
2,s1334
69,s1334
25,s1334
16,s1335
2,s1336
14,s1337
70,s1338
20,s1339
33,s1340
39,s1341
2,s1342
22,s1343
2,s1344
24,s1345
16,s1346
42,s1347
20,s1348
21,s1348
2,s1348
2,s1349
36,s1350
2,s1351
11,s1352
2,s1353
2,s1354
17,s1355
2,s1356
2,s1357
7,s1358
2,s1359
7,s1360
2,s1360
13,s1360
56,s1361
2,s1362
17,s1363
2,s1363
14,s1363
2,s1364
2,s1365
14,s1366
71,s1367
2,s1367
2,s1368
20,s1369
2,s1370
7,s1371
2,s1372
45,s1373
12,s1374
2,s1375
2,s1376
4,s1377
2,s1378
13,s1379
2,s1379
19,s1380
2,s1381
7,s1381
1,s1382
1,s1383
17,s1384
22,s1385
18,s1386
71,s1387
20,s1387
2,s1388
14,s1388
4,s1389
2,s1389
2,s1390
7,s1391
30,s1391
2,s1392
11,s1393
2,s1394
2,s1395
2,s1396
2,s1397
7,s1398
20,s1398
2,s1398
2,s1399
44,s1399
2,s1400
2,s1401
2,s1402
2,s1403
33,s1404
2,s1405
52,s1406
2,s1406
2,s1407
2,s1408
22,s1408
2,s1409
17,s1409
2,s1410
4,s1411
2,s1412
22,s1413
45,s1414
45,s1415
2,s1416
2,s1417
26,s1418
1,s1419
7,s1420
2,s1421
14,s1422
4,s1423
4,s1424
17,s1425
2,s1425
72,s1425
2,s1426
4,s1427
7,s1428
4,s1429
14,s1429
4,s1430
2,s1431
12,s1432
20,s1433
45,s1434
14,s1435
17,s1435
17,s1436
52,s1436
2,s1436
1,s1437
2,s1438
14,s1439
2,s1440
11,s1441
2,s1441
4,s1442
1,s1443
2,s1444
2,s1445
59,s1446
2,s1447
2,s1448
17,s1448
2,s1449
2,s1450
2,s1451
2,s1452
2,s1453
2,s1454
2,s1455
2,s1456
2,s1457
2,s1458
7,s1459
2,s1460
11,s1461
2,s1462
1,s1463
17,s1464
7,s1464
2,s1464
2,s1465
2,s1466
2,s1467
7,s1468
8,s1468
14,s1468
2,s1468
22,s1469
2,s1470
2,s1471
1,s1472
4,s1473
2,s1474
45,s1475
45,s1476
2,s1477
2,s1478
47,s1479
2,s1479
24,s1480
7,s1481
39,s1482
1,s1483
22,s1484
2,s1485
2,s1486
17,s1486
2,s1487
73,s1488
14,s1489
41,s1489
4,s1490
17,s1491
4,s1492
2,s1493
56,s1494
2,s1495
45,s1496
45,s1497
56,s1498
2,s1499
2,s1500
39,s1501
2,s1502
2,s1503
22,s1504
49,s1505
2,s1506
7,s1507
15,s1507
8,s1507
2,s1507
13,s1507
18,s1507
14,s1507
30,s1507
7,s1508
7,s1509
2,s1510
2,s1511
7,s1511
46,s1512
7,s1513
2,s1514
3,s1515
2,s1516
59,s1517
2,s1518
1,s1519
50,s1520
4,s1521
50,s1522
50,s1523
36,s1524
17,s1525
45,s1526
56,s1527
49,s1528
22,s1529
56,s1530
2,s1531
1,s1532
33,s1533
1,s1534
56,s1535
17,s1535
7,s1535
2,s1535
3,s1536
2,s1537
2,s1538
2,s1539
18,s1539
18,s1540
2,s1541
7,s1542
4,s1543
2,s1544
17,s1545
2,s1546
2,s1547
2,s1548
2,s1549
30,s1550
14,s1550
57,s1550
2,s1550
11,s1550
21,s1550
7,s1550
28,s1550
2,s1551
7,s1552
17,s1552
2,s1552
2,s1553
2,s1554
54,s1555
14,s1556
1,s1557
2,s1558
2,s1559
20,s1560
2,s1561
4,s1562
18,s1563
17,s1564
2,s1564
1,s1565
56,s1566
56,s1567
56,s1568
56,s1569
43,s1570
46,s1571
24,s1572
2,s1573
2,s1574
2,s1575
23,s1576
2,s1577
33,s1578
48,s1579
2,s1580
2,s1581
1,s1582
2,s1583
22,s1584
2,s1585
1,s1586
14,s1587
39,s1588
17,s1589
4,s1590
2,s1591
2,s1592
8,s1593
3,s1594
12,s1595
2,s1596
1,s1597
2,s1598
56,s1599
14,s1600
21,s1600
1,s1601
33,s1602
56,s1603
7,s1604
57,s1605
45,s1606
42,s1607
8,s1608
2,s1609
14,s1609
74,s1609
2,s1610
2,s1611
24,s1611
2,s1612
2,s1613
7,s1614
20,s1615
24,s1615
2,s1616
2,s1617
2,s1618
2,s1619
30,s1619
7,s1619
4,s1619
7,s1620
23,s1620
28,s1621
2,s1621
13,s1622
2,s1622
2,s1623
17,s1623
2,s1624
2,s1625
75,s1625
14,s1625
7,s1625
22,s1626
2,s1627
16,s1627
17,s1627
2,s1628
7,s1629
56,s1630
56,s1631
2,s1632
2,s1633
2,s1634
22,s1635
2,s1636
2,s1637
20,s1638
4,s1639
13,s1640
8,s1641
2,s1642
24,s1643
22,s1644
56,s1645
2,s1646
2,s1647
56,s1648
7,s1649
18,s1650
7,s1651
2,s1651
17,s1652
1,s1653
4,s1654
19,s1655
2,s1656
2,s1657
26,s1658
46,s1659
2,s1660
2,s1661
22,s1662
46,s1663
2,s1664
2,s1665
29,s1665
66,s1666
2,s1667
16,s1668
1,s1669
2,s1670
4,s1671
2,s1672
2,s1673
4,s1674
4,s1675
4,s1676
4,s1677
56,s1678
4,s1679
4,s1680
4,s1681
2,s1682
56,s1683
4,s1684
2,s1685
2,s1686
18,s1686
2,s1687
2,s1688
2,s1689
7,s1690
2,s1690
2,s1691
2,s1692
17,s1692
2,s1693
18,s1694
2,s1695
17,s1696
17,s1697
2,s1697
30,s1697
2,s1698
7,s1699
2,s1699
2,s1700
2,s1701
2,s1702
4,s1703
2,s1704
33,s1705
24,s1706
20,s1707
56,s1708
12,s1709
56,s1710
2,s1711
22,s1712
4,s1713
26,s1714
2,s1715
17,s1715
33,s1716
13,s1717
2,s1718
2,s1719
54,s1720
17,s1720
14,s1720
62,s1721
2,s1722
2,s1723
1,s1724
18,s1725
17,s1725
2,s1725
19,s1726
2,s1727
39,s1728
20,s1729
14,s1729
17,s1729
2,s1730
13,s1731
2,s1732
56,s1733
26,s1734
17,s1735
56,s1736
2,s1737
46,s1738
17,s1739
17,s1740
53,s1741
4,s1742
8,s1743
18,s1744
1,s1745
1,s1746
17,s1747
17,s1748
2,s1748
2,s1749
2,s1750
2,s1751
2,s1752
2,s1753
17,s1754
2,s1755
2,s1756
2,s1757
2,s1758
17,s1759
47,s1760
23,s1760
17,s1760
2,s1760
2,s1761
14,s1761
47,s1761
2,s1762
2,s1763
16,s1763
36,s1763
2,s1764
7,s1765
14,s1765
8,s1765
2,s1765
14,s1766
2,s1766
22,s1767
20,s1768
44,s1768
2,s1768
2,s1769
22,s1770
2,s1771
33,s1772
59,s1773
13,s1774
2,s1775
7,s1776
19,s1777
4,s1778
1,s1779
2,s1780
14,s1781
2,s1782
24,s1783
11,s1784
20,s1784
56,s1785
2,s1786
1,s1787
2,s1788
42,s1789
2,s1790
2,s1791
2,s1792
26,s1793
2,s1794
39,s1795
4,s1796
30,s1797
68,s1797
21,s1797
13,s1798
33,s1799
8,s1800
2,s1801
16,s1802
2,s1802
2,s1803
20,s1804
2,s1805
2,s1806
59,s1807
56,s1808
7,s1809
56,s1810
17,s1811
21,s1811
2,s1812
17,s1813
7,s1813
2,s1814
7,s1815
17,s1816
2,s1817
54,s1818
54,s1819
54,s1820
54,s1821
58,s1821
14,s1821
37,s1821
8,s1821
54,s1822
14,s1823
21,s1823
24,s1823
54,s1824
54,s1825
2,s1825
58,s1825
54,s1826
14,s1826
14,s1827
54,s1827
14,s1828
54,s1828
7,s1828
1,s1829
14,s1830
59,s1830
54,s1830
21,s1830
54,s1831
54,s1832
17,s1832
14,s1832
53,s1833
10,s1833
7,s1833
47,s1833
49,s1833
2,s1834
22,s1835
7,s1836
66,s1837
2,s1838
2,s1839
14,s1840
11,s1841
20,s1841
2,s1842
2,s1843
7,s1843
4,s1843
2,s1844
29,s1844
2,s1845
2,s1846
46,s1847
7,s1848
2,s1849
45,s1850
49,s1850
45,s1851
2,s1852
2,s1853
4,s1854
2,s1855
39,s1856
2,s1857
11,s1858
4,s1859
7,s1860
2,s1861
4,s1862
4,s1863
4,s1864
2,s1865
4,s1866
4,s1867
2,s1868
2,s1869
4,s1870
12,s1871
22,s1871
17,s1872
2,s1873
2,s1874
14,s1875
22,s1876
26,s1877
22,s1878
2,s1879
17,s1879
2,s1880
29,s1881
2,s1882
7,s1883
17,s1884
2,s1885
4,s1886
2,s1887
7,s1887
17,s1888
12,s1889
1,s1890
1,s1891
12,s1892
1,s1893
2,s1894
2,s1895
13,s1896
19,s1897
4,s1898
24,s1899
12,s1900
2,s1901
11,s1902
50,s1903
74,s1904
2,s1904
2,s1905
3,s1906
2,s1907
22,s1908
18,s1909
2,s1910
33,s1911
2,s1912
32,s1913
2,s1914
11,s1914
1,s1915
8,s1916
10,s1916
2,s1917
7,s1917
26,s1918
18,s1919
1,s1920
43,s1921
2,s1922
40,s1922
2,s1923
2,s1924
2,s1925
11,s1926
2,s1927
76,s1928
18,s1929
2,s1930
7,s1931
66,s1931
2,s1932
2,s1933
13,s1934
2,s1935
2,s1936
2,s1937
3,s1938
2,s1938
4,s1939
4,s1940
4,s1941
4,s1942
4,s1943
4,s1944
4,s1945
4,s1946
4,s1947
2,s1948
2,s1949
2,s1950
4,s1951
8,s1952
1,s1953
1,s1954
2,s1955
22,s1956
1,s1957
2,s1958
4,s1958
2,s1959
7,s1960
2,s1961
2,s1962
2,s1963
18,s1964
18,s1965
18,s1966
18,s1967
18,s1968
1,s1969
18,s1970
46,s1971
4,s1972
4,s1973
1,s1974
4,s1975
4,s1976
4,s1977
4,s1978
2,s1979
2,s1980
2,s1981
45,s1982
4,s1983
1,s1984
14,s1985
7,s1986
1,s1987
2,s1988
8,s1989
24,s1990
2,s1991
7,s1992
14,s1992
8,s1992
20,s1992
1,s1993
42,s1994
2,s1995
2,s1996
20,s1997
7,s1998
14,s1998
2,s1998
21,s1998
68,s1998
16,s1998
8,s1998
7,s1999
44,s2000
2,s2000
7,s2001
14,s2002
2,s2002
2,s2003
2,s2004
14,s2004
17,s2004
21,s2004
1,s2005
19,s2006
7,s2007
16,s2007
11,s2008
14,s2009
2,s2010
2,s2011
8,s2012
16,s2012
7,s2012
20,s2013
7,s2014
1,s2015
4,s2016
4,s2017
4,s2018
4,s2019
4,s2020
4,s2021
2,s2022
2,s2023
4,s2024
12,s2025
4,s2026
4,s2027
45,s2028
46,s2029
2,s2030
4,s2031
14,s2032
2,s2033
20,s2034
26,s2035
2,s2036
22,s2037
22,s2038
3,s2039
12,s2040
1,s2041
2,s2042
13,s2043
32,s2043
2,s2043
7,s2044
2,s2045
2,s2046
3,s2047
2,s2048
19,s2049
56,s2050
33,s2051
45,s2052
2,s2053
7,s2054
2,s2055
8,s2056
8,s2057
2,s2057
51,s2058
1,s2059
28,s2060
57,s2060
2,s2060
56,s2061
49,s2062
18,s2063
2,s2064
47,s2065
18,s2066
2,s2066
18,s2067
18,s2068
2,s2069
14,s2070
14,s2071
13,s2071
8,s2071
2,s2072
2,s2073
2,s2074
4,s2075
20,s2076
2,s2077
24,s2078
18,s2079
2,s2080
21,s2080
17,s2080
14,s2080
7,s2081
17,s2082
4,s2083
2,s2084
2,s2085
7,s2086
2,s2086
4,s2087
3,s2088
77,s2088
20,s2089
18,s2090
2,s2091
39,s2092
2,s2093
36,s2094
2,s2095
56,s2095
2,s2096
2,s2097
7,s2098
2,s2099
2,s2100
2,s2101
1,s2102
19,s2103
4,s2104
11,s2105
2,s2106
17,s2107
2,s2108
22,s2109
2,s2110
46,s2111
26,s2112
2,s2113
2,s2114
1,s2115
2,s2116
19,s2117
45,s2118
2,s2119
45,s2120
7,s2121
2,s2121
2,s2122
7,s2122
17,s2122
16,s2122
22,s2123
1,s2124
47,s2125
43,s2126
4,s2127
33,s2128
1,s2129
17,s2130
2,s2131
19,s2131
7,s2132
2,s2133
2,s2134
36,s2135
2,s2136
18,s2137
14,s2138
7,s2139
2,s2139
2,s2140
14,s2140
2,s2141
4,s2142
2,s2143
2,s2144
2,s2145
18,s2146
2,s2147
1,s2148
19,s2149
2,s2150
17,s2150
7,s2150
8,s2151
20,s2152
1,s2153
8,s2154
2,s2155
2,s2156
2,s2157
2,s2158
2,s2159
2,s2160
17,s2161
65,s2162
47,s2163
2,s2163
14,s2164
1,s2165
2,s2166
1,s2167
2,s2168
33,s2169
2,s2170
2,s2171
2,s2172
2,s2173
2,s2174
17,s2175
18,s2176
2,s2177
17,s2178
17,s2179
12,s2180
2,s2180
18,s2181
2,s2182
1,s2183
17,s2184
7,s2185
8,s2186
4,s2187
3,s2188
2,s2189
2,s2190
2,s2191
17,s2191
78,s2192
8,s2192
59,s2192
2,s2193
4,s2194
1,s2195
19,s2196
79,s2197
33,s2198
14,s2198
42,s2199
2,s2200
2,s2201
2,s2202
2,s2203
2,s2204
4,s2205
16,s2206
4,s2207
16,s2208
20,s2208
22,s2208
2,s2208
2,s2209
19,s2210
20,s2211
8,s2211
18,s2212
20,s2213
7,s2214
2,s2214
2,s2215
22,s2216
3,s2217
2,s2218
59,s2219
2,s2220
28,s2221
16,s2221
7,s2222
1,s2223
7,s2224
14,s2225
21,s2225
68,s2225
69,s2225
14,s2226
13,s2227
7,s2228
13,s2228
2,s2229
2,s2230
33,s2231
19,s2232
2,s2233
14,s2234
21,s2234
19,s2235
11,s2236
1,s2237
2,s2238
80,s2239
19,s2240
24,s2241
2,s2242
13,s2243
14,s2244
3,s2245
33,s2246
2,s2247
46,s2248
2,s2249
2,s2250
2,s2251
21,s2252
1,s2253
18,s2254
12,s2255
22,s2256
32,s2257
2,s2258
13,s2259
2,s2260
2,s2261
14,s2261
1,s2262
2,s2263
16,s2263
1,s2264
4,s2265
4,s2266
4,s2267
4,s2268
4,s2269
4,s2270
4,s2271
4,s2272
4,s2273
4,s2274
4,s2275
44,s2276
4,s2277
4,s2278
4,s2279
4,s2280
4,s2281
4,s2282
4,s2283
2,s2284
4,s2285
4,s2286
4,s2287
4,s2288
4,s2289
4,s2290
4,s2291
4,s2292
4,s2293
20,s2294
2,s2295
45,s2296
7,s2296
37,s2297
14,s2297
21,s2297
2,s2297
18,s2298
2,s2299
2,s2300
5,s2301
2,s2302
33,s2303
2,s2304
24,s2305
7,s2306
39,s2307
2,s2308
17,s2308
20,s2309
12,s2310
17,s2311
2,s2312
8,s2312
17,s2312
12,s2313
2,s2314
7,s2315
2,s2315
2,s2316
20,s2317
14,s2317
17,s2317
2,s2317
2,s2318
11,s2318
14,s2319
24,s2320
18,s2321
2,s2322
67,s2323
24,s2323
7,s2324
19,s2324
45,s2325
19,s2326
1,s2327
8,s2328
2,s2328
13,s2329
36,s2330
2,s2331
2,s2332
19,s2333
56,s2334
4,s2335
1,s2336
4,s2337
22,s2338
4,s2339
4,s2340
4,s2341
2,s2342
4,s2343
7,s2344
67,s2345
2,s2346
2,s2347
4,s2348
19,s2349
22,s2350
2,s2351
19,s2352
2,s2353
4,s2354
14,s2355
46,s2355
2,s2356
2,s2357
2,s2358
14,s2359
33,s2360
12,s2361
46,s2362
14,s2362
2,s2363
14,s2364
33,s2364
20,s2364
21,s2364
18,s2365
46,s2366
41,s2366
14,s2367
46,s2367
46,s2368
46,s2369
46,s2370
1,s2371
56,s2372
44,s2373
46,s2374
54,s2375
46,s2376
46,s2377
17,s2378
22,s2378
2,s2378
2,s2379
7,s2380
2,s2380
2,s2381
19,s2382
7,s2382
2,s2383
2,s2384
7,s2385
2,s2385
26,s2386
20,s2386
50,s2387
19,s2388
2,s2389
4,s2390
2,s2391
45,s2392
4,s2393
2,s2394
1,s2395
2,s2396
14,s2396
17,s2396
8,s2397
2,s2398
18,s2399
18,s2400
11,s2401
42,s2402
2,s2402
58,s2403
35,s2403
54,s2403
43,s2403
43,s2404
24,s2405
2,s2406
2,s2407
2,s2408
22,s2409
33,s2410
22,s2411
2,s2412
42,s2413
4,s2414
4,s2415
2,s2416
11,s2416
20,s2416
75,s2416
2,s2417
2,s2418
46,s2419
2,s2420
4,s2421
19,s2422
2,s2423
2,s2424
17,s2424
2,s2425
1,s2426
18,s2427
12,s2428
12,s2429
46,s2430
2,s2431
2,s2432
1,s2433
46,s2434
46,s2435
46,s2436
1,s2437
46,s2438
46,s2439
46,s2440
17,s2441
43,s2442
58,s2442
46,s2443
46,s2444
18,s2445
4,s2446
81,s2447
22,s2448
58,s2449
18,s2450
18,s2451
18,s2452
2,s2452
22,s2453
22,s2454
2,s2455
7,s2456
8,s2456
58,s2456
32,s2456
25,s2457
2,s2457
58,s2458
4,s2459
2,s2460
14,s2461
46,s2461
30,s2462
18,s2463
58,s2464
58,s2465
26,s2466
13,s2467
11,s2468
2,s2468
13,s2469
16,s2470
2,s2471
2,s2472
4,s2473
2,s2474
45,s2475
45,s2476
7,s2477
19,s2478
18,s2479
2,s2480
17,s2481
45,s2482
48,s2483
1,s2484
1,s2485
67,s2486
22,s2487
46,s2488
1,s2489
1,s2490
46,s2491
46,s2492
46,s2493
17,s2494
19,s2494
2,s2495
1,s2496
7,s2497
2,s2498
11,s2499
36,s2500
4,s2501
46,s2502
46,s2503
46,s2504
46,s2505
46,s2506
46,s2507
2,s2508
2,s2509
46,s2510
46,s2511
43,s2512
49,s2512
8,s2512
35,s2512
58,s2512
2,s2512
46,s2513
19,s2514
7,s2515
2,s2516
48,s2517
22,s2518
22,s2519
2,s2520
54,s2521
20,s2522
14,s2523
2,s2524
2,s2525
18,s2526
2,s2527
44,s2528
22,s2529
13,s2530
7,s2531
20,s2531
45,s2532
45,s2533
58,s2534
4,s2535
1,s2536
11,s2537
19,s2538
48,s2539
4,s2540
2,s2541
58,s2542
17,s2543
2,s2544
4,s2545
4,s2546
15,s2547
14,s2547
2,s2548
2,s2549
2,s2550
24,s2551
2,s2552
17,s2553
7,s2554
8,s2554
2,s2554
14,s2554
17,s2555
58,s2556
48,s2557
16,s2558
45,s2559
2,s2560
1,s2561
2,s2562
4,s2563
7,s2563
16,s2563
17,s2563
18,s2563
22,s2563
2,s2563
33,s2564
4,s2565
26,s2566
2,s2567
36,s2568
1,s2569
1,s2570
2,s2571
2,s2572
2,s2573
2,s2574
1,s2575
2,s2576
2,s2577
2,s2578
14,s2579
21,s2579
2,s2580
2,s2581
2,s2582
2,s2583
29,s2584
3,s2585
24,s2586
7,s2586
14,s2586
18,s2587
4,s2588
17,s2589
4,s2590
13,s2591
2,s2591
2,s2592
2,s2593
1,s2594
1,s2595
1,s2596
2,s2597
7,s2597
2,s2598
18,s2599
2,s2600
11,s2600
36,s2600
2,s2601
17,s2601
33,s2602
18,s2603
39,s2604
2,s2605
12,s2606
22,s2607
19,s2608
2,s2609
7,s2610
4,s2611
3,s2612
12,s2613
12,s2614
4,s2614
46,s2615
12,s2616
12,s2617
24,s2618
12,s2618
12,s2619
1,s2620
12,s2621
12,s2622
2,s2623
46,s2624
25,s2625
4,s2626
4,s2627
2,s2628
7,s2629
4,s2630
46,s2631
22,s2632
7,s2633
2,s2633
18,s2633
46,s2634
14,s2635
21,s2635
2,s2635
46,s2636
46,s2637
46,s2638
46,s2639
1,s2640
7,s2641
1,s2642
4,s2643
12,s2644
4,s2645
18,s2646
2,s2646
45,s2647
45,s2648
11,s2649
45,s2650
22,s2651
2,s2652
2,s2653
42,s2654
19,s2655
20,s2656
17,s2657
2,s2657
7,s2657
7,s2658
18,s2659
2,s2660
82,s2661
2,s2661
36,s2661
2,s2662
2,s2663
4,s2664
4,s2665
22,s2666
2,s2667
12,s2668
14,s2669
21,s2669
11,s2670
4,s2671
8,s2672
2,s2673
20,s2674
8,s2674
65,s2675
26,s2675
14,s2676
38,s2677
2,s2678
7,s2678
18,s2678
2,s2679
33,s2680
2,s2681
12,s2682
56,s2683
4,s2684
2,s2685
4,s2686
2,s2687
19,s2688
19,s2689
2,s2690
17,s2691
2,s2692
2,s2693
26,s2693
7,s2694
24,s2694
14,s2695
2,s2696
24,s2697
2,s2698
18,s2699
1,s2700
56,s2701
2,s2702
2,s2703
2,s2704
2,s2705
2,s2706
30,s2707
7,s2707
2,s2708
67,s2709
2,s2710
2,s2711
20,s2712
7,s2713
14,s2713
21,s2713
17,s2713
2,s2713
18,s2714
18,s2715
4,s2716
4,s2717
2,s2717
4,s2718
2,s2719
53,s2720
4,s2721
2,s2721
4,s2722
4,s2723
4,s2724
4,s2725
4,s2726
4,s2727
2,s2728
4,s2729
4,s2730
4,s2731
4,s2732
4,s2733
4,s2734
4,s2735
4,s2736
7,s2737
4,s2738
4,s2739
1,s2740
18,s2741
4,s2742
7,s2743
2,s2744
49,s2745
8,s2745
47,s2745
7,s2745
2,s2746
7,s2747
4,s2748
16,s2749
2,s2750
4,s2751
4,s2752
1,s2753
2,s2754
2,s2755
17,s2756
4,s2757
2,s2758
17,s2759
2,s2759
1,s2760
4,s2761
22,s2762
2,s2763
2,s2764
2,s2765
4,s2766
4,s2767
2,s2768
17,s2769
17,s2770
17,s2771
2,s2772
1,s2773
52,s2774
1,s2775
44,s2776
8,s2777
8,s2778
2,s2779
2,s2780
52,s2781
20,s2782
2,s2783
62,s2784
8,s2784
39,s2785
16,s2785
1,s2786
26,s2787
1,s2788
2,s2789
18,s2789
11,s2790
2,s2791
2,s2792
4,s2793
7,s2794
7,s2795
2,s2796
24,s2797
14,s2798
2,s2799
18,s2800
2,s2800
43,s2801
2,s2802
53,s2803
18,s2804
49,s2805
7,s2806
2,s2807
7,s2808
2,s2808
30,s2808
2,s2809
2,s2810
4,s2811
1,s2812
1,s2813
2,s2814
1,s2815
4,s2816
2,s2817
3,s2818
59,s2819
13,s2820
2,s2821
22,s2822
2,s2822
2,s2823
12,s2824
57,s2825
2,s2826
2,s2827
33,s2828
7,s2828
17,s2829
2,s2829
2,s2830
83,s2831
2,s2831
1,s2832
3,s2833
4,s2834
14,s2835
2,s2836
2,s2837
20,s2838
2,s2839
19,s2840
1,s2841
4,s2842
44,s2843
25,s2844
14,s2844
37,s2844
8,s2844
2,s2845
25,s2846
20,s2847
2,s2848
17,s2848
33,s2849
2,s2850
4,s2851
3,s2852
7,s2853
2,s2854
18,s2855
8,s2856
4,s2857
1,s2858
1,s2859
2,s2860
7,s2861
2,s2861
14,s2861
2,s2862
3,s2863
2,s2864
1,s2865
14,s2866
7,s2867
17,s2867
2,s2867
2,s2868
36,s2869
4,s2870
3,s2871
20,s2872
11,s2873
4,s2874
2,s2875
18,s2876
18,s2877
43,s2878
19,s2879
19,s2880
2,s2881
19,s2882
19,s2883
2,s2884
1,s2885
19,s2886
2,s2887
2,s2888
22,s2889
2,s2890
17,s2891
2,s2892
22,s2893
1,s2894
26,s2895
8,s2896
4,s2897
2,s2898
4,s2899
3,s2900
33,s2901
25,s2902
7,s2902
2,s2903
14,s2904
75,s2904
2,s2904
2,s2905
2,s2906
19,s2907
2,s2908
2,s2909
1,s2910
84,s2911
7,s2912
14,s2912
21,s2912
30,s2912
2,s2912
56,s2913
42,s2914
8,s2915
3,s2916
4,s2917
4,s2918
19,s2919
18,s2920
2,s2921
11,s2922
2,s2922
1,s2923
44,s2924
3,s2925
2,s2926
2,s2927
2,s2928
2,s2929
11,s2930
45,s2931
2,s2932
2,s2933
2,s2934
59,s2934
17,s2934
42,s2935
2,s2935
4,s2936
5,s2937
2,s2938
19,s2939
2,s2940
4,s2941
17,s2942
2,s2942
1,s2943
2,s2944
2,s2945
18,s2946
66,s2947
2,s2947
2,s2948
2,s2949
2,s2950
2,s2951
2,s2952
2,s2953
2,s2954
4,s2955
20,s2956
2,s2957
4,s2958
18,s2959
22,s2960
2,s2961
17,s2962
3,s2962
14,s2963
22,s2963
18,s2963
2,s2963
49,s2964
7,s2965
18,s2966
18,s2967
2,s2968
2,s2969
4,s2970
18,s2971
11,s2972
14,s2973
19,s2974
24,s2975
2,s2976
20,s2977
18,s2978
2,s2979
7,s2980
2,s2981
14,s2982
21,s2982
1,s2983
7,s2984
33,s2985
4,s2986
4,s2987
4,s2988
2,s2989
39,s2990
3,s2991
1,s2992
19,s2993
2,s2994
2,s2995
2,s2996
11,s2997
2,s2998
18,s2999
39,s3000
50,s3000
2,s3001
2,s3002
65,s3003
26,s3003
8,s3003
20,s3003
2,s3004
4,s3005
2,s3006
4,s3007
2,s3008
2,s3009
7,s3009
14,s3009
8,s3009
18,s3009
2,s3010
49,s3011
17,s3012
8,s3013
2,s3014
2,s3015
16,s3016
2,s3017
14,s3017
18,s3017
2,s3018
7,s3019
14,s3019
2,s3019
18,s3020
18,s3021
7,s3022
2,s3022
4,s3023
20,s3024
14,s3024
2,s3024
2,s3025
62,s3026
2,s3027
2,s3028
14,s3029
42,s3030
1,s3031
2,s3032
4,s3033
2,s3034
7,s3035
2,s3036
4,s3037
2,s3038
7,s3039
13,s3040
14,s3041
2,s3042
2,s3043
2,s3044
20,s3045
7,s3046
11,s3047
17,s3048
4,s3049
2,s3050
21,s3051
45,s3052
22,s3052
23,s3052
22,s3053
17,s3054
7,s3055
18,s3056
1,s3057
2,s3058
2,s3059
22,s3059
22,s3060
2,s3060
4,s3061
2,s3062
2,s3063
20,s3063
22,s3064
1,s3065
2,s3066
49,s3067
8,s3067
24,s3067
17,s3067
20,s3068
8,s3068
47,s3068
2,s3068
11,s3069
20,s3069
18,s3070
45,s3071
22,s3072
1,s3073
2,s3074
22,s3075
2,s3076
22,s3077
4,s3078
4,s3079
18,s3080
2,s3081
2,s3082
59,s3083
53,s3083
1,s3084
22,s3085
17,s3085
2,s3085
16,s3085
22,s3086
1,s3087
16,s3088
18,s3089
18,s3090
3,s3091
26,s3092
65,s3092
74,s3092
2,s3093
1,s3094
24,s3095
14,s3096
2,s3097
2,s3098
18,s3099
2,s3100
38,s3101
2,s3101
14,s3102
18,s3102
2,s3103
18,s3104
11,s3105
2,s3106
2,s3107
2,s3108
2,s3109
13,s3110
19,s3111
61,s3112
3,s3112
19,s3113
1,s3114
19,s3115
1,s3116
7,s3117
24,s3117
2,s3118
42,s3118
2,s3119
11,s3119
14,s3120
42,s3121
7,s3122
2,s3122
2,s3123
2,s3124
70,s3125
7,s3126
2,s3126
8,s3126
47,s3126
21,s3126
18,s3126
4,s3127
22,s3128
2,s3129
22,s3130
19,s3131
4,s3132
4,s3133
4,s3134
4,s3135
8,s3135
4,s3136
4,s3137
18,s3138
1,s3139
4,s3140
19,s3141
4,s3142
4,s3143
4,s3144
5,s3145
4,s3146
2,s3147
4,s3148
2,s3149
4,s3150
2,s3151
19,s3152
3,s3153
19,s3154
1,s3155
39,s3156
1,s3157
7,s3158
4,s3159
7,s3159
17,s3159
2,s3159
46,s3160
2,s3161
2,s3162
2,s3163
4,s3164
33,s3165
2,s3166
19,s3167
1,s3168
2,s3169
7,s3170
2,s3170
18,s3171
19,s3172
2,s3173
18,s3174
33,s3175
2,s3176
20,s3177
1,s3178
19,s3179
7,s3180
19,s3180
2,s3181
2,s3182
2,s3183
2,s3184
16,s3185
36,s3186
2,s3187
2,s3188
2,s3189
4,s3190
2,s3191
56,s3192
2,s3192
2,s3193
4,s3194
13,s3195
4,s3196
4,s3197
7,s3198
4,s3199
1,s3200
44,s3201
4,s3202
14,s3203
25,s3204
40,s3204
52,s3204
22,s3205
65,s3206
85,s3206
4,s3207
14,s3208
73,s3208
21,s3208
7,s3209
17,s3209
19,s3210
14,s3211
3,s3212
11,s3213
2,s3213
20,s3213
36,s3213
1,s3214
19,s3215
19,s3216
1,s3217
19,s3218
2,s3219
18,s3220
33,s3221
2,s3222
14,s3223
2,s3224
4,s3225
1,s3226
17,s3227
59,s3227
2,s3228
2,s3229
2,s3230
42,s3231
1,s3232
11,s3233
4,s3234
20,s3235
2,s3236
16,s3237
14,s3238
2,s3239
18,s3240
2,s3241
2,s3242
2,s3243
33,s3244
2,s3245
23,s3246
2,s3246
2,s3247
17,s3247
2,s3248
2,s3249
44,s3250
2,s3251
4,s3252
8,s3253
11,s3254
4,s3255
14,s3256
2,s3257
1,s3258
39,s3259
15,s3260
8,s3260
21,s3260
2,s3261
7,s3262
14,s3262
2,s3263
67,s3263
39,s3264
7,s3265
18,s3265
2,s3265
36,s3266
26,s3267
4,s3268
4,s3269
2,s3270
22,s3271
18,s3272
18,s3273
20,s3274
7,s3274
39,s3275
2,s3276
39,s3277
22,s3278
4,s3279
2,s3279
11,s3280
18,s3281
44,s3282
2,s3283
12,s3284
1,s3285
14,s3286
44,s3287
26,s3288
2,s3288
11,s3288
22,s3289
2,s3290
2,s3291
16,s3292
2,s3293
4,s3294
7,s3295
7,s3296
17,s3296
2,s3296
2,s3297
14,s3298
36,s3299
4,s3300
2,s3301
18,s3302
16,s3303
28,s3303
33,s3304
2,s3305
2,s3306
7,s3307
2,s3308
22,s3309
2,s3310
7,s3311
2,s3312
4,s3313
2,s3314
2,s3315
2,s3316
2,s3317
2,s3318
17,s3318
2,s3319
2,s3320
22,s3320
18,s3320
2,s3321
17,s3321
2,s3322
2,s3323
2,s3324
17,s3324
2,s3325
2,s3326
20,s3327
2,s3328
14,s3329
2,s3330
2,s3331
2,s3332
7,s3333
18,s3334
4,s3335
2,s3336
18,s3337
2,s3338
2,s3339
18,s3340
18,s3341
18,s3342
2,s3343
18,s3343
2,s3344
2,s3345
17,s3346
13,s3346
1,s3347
7,s3348
52,s3348
13,s3348
24,s3349
21,s3349
11,s3350
17,s3351
26,s3352
20,s3352
8,s3353
11,s3354
26,s3355
2,s3356
18,s3356
39,s3357
1,s3358
22,s3359
4,s3360
22,s3361
1,s3362
2,s3363
2,s3364
2,s3365
11,s3366
2,s3366
7,s3367
16,s3368
16,s3369
2,s3370
33,s3371
12,s3372
2,s3373
20,s3374
2,s3375
7,s3375
8,s3375
26,s3376
1,s3377
14,s3378
20,s3379
2,s3380
37,s3381
16,s3382
2,s3383
2,s3384
23,s3385
50,s3385
2,s3386
2,s3387
28,s3388
16,s3388
2,s3389
7,s3390
1,s3391
14,s3392
21,s3392
68,s3392
25,s3392
17,s3392
2,s3392
3,s3393
19,s3393
1,s3394
1,s3395
1,s3396
1,s3397
1,s3398
2,s3399
1,s3400
7,s3401
7,s3402
12,s3403
4,s3404
1,s3405
20,s3406
2,s3407
19,s3408
7,s3409
2,s3410
49,s3411
19,s3412
4,s3413
45,s3414
16,s3415
13,s3416
22,s3417
2,s3418
2,s3419
22,s3420
22,s3421
2,s3422
7,s3422
2,s3423
12,s3424
17,s3425
14,s3426
22,s3427
12,s3428
2,s3429
2,s3430
2,s3431
19,s3432
18,s3433
14,s3434
20,s3435
14,s3435
1,s3436
1,s3437
18,s3438
2,s3439
2,s3440
2,s3441
2,s3442
2,s3443
45,s3444
11,s3445
22,s3446
4,s3447
7,s3448
28,s3448
12,s3449
7,s3450
17,s3450
17,s3451
2,s3451
12,s3452
7,s3453
2,s3454
2,s3455
1,s3456
2,s3457
2,s3458
2,s3459
11,s3460
2,s3461
22,s3462
22,s3463
4,s3464
4,s3465
49,s3466
4,s3467
4,s3468
4,s3469
1,s3470
22,s3471
2,s3472
8,s3473
2,s3473
22,s3474
22,s3475
2,s3476
2,s3477
2,s3478
7,s3479
1,s3480
18,s3481
4,s3482
12,s3483
26,s3484
2,s3485
17,s3485
2,s3486
4,s3487
28,s3488
16,s3488
11,s3489
2,s3490
2,s3491
11,s3491
13,s3492
1,s3493
1,s3494
2,s3495
2,s3496
4,s3497
2,s3498
4,s3499
22,s3500
2,s3501
1,s3502
8,s3503
20,s3504
2,s3505
2,s3506
20,s3507
12,s3508
17,s3509
4,s3510
22,s3511
7,s3512
2,s3513
2,s3514
2,s3515
2,s3516
4,s3517
2,s3518
2,s3519
18,s3520
12,s3521
14,s3522
16,s3523
2,s3524
1,s3525
2,s3526
2,s3527
2,s3528
2,s3529
7,s3529
7,s3530
4,s3531
4,s3532
4,s3533
12,s3534
14,s3535
2,s3536
83,s3537
4,s3538
33,s3539
2,s3539
1,s3540
2,s3541
18,s3542
47,s3543
33,s3543
14,s3543
71,s3543
53,s3543
7,s3544
2,s3545
58,s3546
16,s3547
7,s3547
1,s3548
36,s3549
67,s3550
1,s3551
7,s3552
2,s3552
36,s3553
2,s3554
17,s3554
20,s3555
2,s3556
33,s3557
2,s3558
7,s3559
2,s3560
28,s3561
2,s3562
1,s3563
4,s3564
4,s3565
16,s3566
39,s3566
4,s3567
2,s3568
1,s3569
4,s3570
12,s3570
1,s3571
2,s3572
56,s3573
7,s3574
7,s3575
20,s3576
26,s3577
29,s3578
2,s3579
36,s3580
22,s3581
2,s3581
2,s3582
2,s3583
2,s3584
17,s3585
16,s3586
20,s3587
20,s3588
2,s3589
18,s3589
4,s3590
2,s3590
39,s3591
33,s3592
1,s3593
4,s3594
4,s3595
2,s3596
11,s3597
2,s3598
2,s3599
1,s3600
2,s3601
2,s3602
4,s3603
2,s3604
33,s3605
2,s3606
22,s3607
54,s3608
2,s3609
50,s3610
23,s3610
28,s3610
22,s3611
22,s3612
22,s3613
22,s3614
22,s3615
2,s3616
4,s3617
2,s3618
56,s3619
2,s3620
2,s3621
2,s3622
2,s3623
2,s3624
18,s3624
2,s3625
11,s3626
49,s3627
2,s3628
1,s3629
7,s3630
2,s3630
4,s3631
4,s3632
44,s3633
13,s3634
17,s3635
1,s3636
2,s3637
20,s3638
56,s3639
23,s3639
14,s3640
21,s3640
22,s3641
26,s3642
2,s3643
2,s3644
13,s3645
17,s3645
2,s3646
2,s3647
28,s3648
28,s3649
28,s3650
16,s3650
28,s3651
16,s3651
28,s3652
20,s3653
2,s3654
2,s3655
4,s3656
22,s3657
2,s3658
4,s3659
2,s3660
16,s3661
4,s3662
2,s3663
18,s3664
18,s3665
18,s3666
18,s3667
2,s3668
20,s3669
53,s3670
39,s3671
16,s3671
14,s3671
2,s3671
1,s3672
8,s3673
22,s3674
1,s3675
14,s3676
2,s3676
8,s3677
24,s3677
1,s3678
20,s3679
2,s3680
2,s3681
26,s3682
16,s3683
2,s3684
1,s3685
2,s3686
2,s3687
13,s3688
44,s3689
44,s3690
22,s3691
2,s3692
2,s3693
2,s3694
14,s3695
14,s3696
18,s3697
2,s3698
20,s3698
44,s3699
4,s3700
2,s3701
4,s3702
2,s3703
36,s3704
78,s3704
7,s3704
2,s3705
13,s3706
11,s3707
13,s3708
2,s3708
20,s3709
7,s3710
1,s3711
11,s3712
18,s3713
4,s3714
4,s3715
2,s3716
18,s3717
44,s3718
16,s3718
2,s3718
26,s3719
2,s3719
36,s3720
18,s3721
2,s3722
26,s3723
18,s3724
18,s3725
2,s3726
32,s3727
2,s3728
18,s3729
4,s3730
14,s3731
2,s3732
33,s3733
2,s3734
2,s3735
8,s3736
18,s3737
18,s3738
53,s3739
2,s3739
4,s3740
4,s3741
18,s3742
16,s3743
20,s3744
21,s3745
2,s3746
14,s3747
21,s3747
33,s3748
1,s3749
2,s3750
4,s3751
2,s3752
2,s3753
2,s3754
11,s3755
35,s3756
2,s3757
45,s3758
2,s3759
2,s3760
50,s3761
65,s3762
20,s3762
11,s3762
2,s3763
20,s3764
13,s3765
4,s3766
14,s3767
68,s3767
17,s3767
8,s3768
4,s3769
2,s3770
2,s3771
2,s3772
8,s3773
18,s3774
7,s3775
49,s3776
2,s3777
2,s3778
2,s3779
2,s3780
22,s3781
4,s3782
39,s3783
4,s3784
18,s3785
25,s3786
28,s3787
17,s3788
4,s3789
1,s3790
4,s3791
16,s3792
2,s3793
22,s3794
2,s3795
2,s3796
1,s3797
62,s3798
2,s3799
2,s3800
2,s3801
2,s3802
1,s3803
2,s3804
11,s3804
4,s3805
2,s3806
2,s3807
11,s3808
11,s3809
20,s3810
47,s3811
20,s3811
20,s3812
2,s3813
56,s3814
1,s3815
24,s3816
2,s3817
7,s3818
2,s3819
4,s3820
7,s3821
7,s3822
4,s3823
26,s3824
1,s3825
2,s3826
18,s3827
2,s3828
2,s3829
2,s3830
32,s3831
16,s3832
28,s3832
67,s3833
26,s3833
14,s3834
28,s3835
16,s3835
2,s3836
20,s3837
1,s3838
33,s3839
16,s3840
2,s3841
2,s3842
39,s3843
1,s3844
1,s3845
1,s3846
1,s3847
1,s3848
1,s3849
1,s3850
1,s3851
1,s3852
22,s3853
1,s3854
48,s3855
54,s3856
1,s3857
7,s3858
21,s3858
53,s3858
16,s3859
2,s3860
11,s3861
17,s3862
33,s3862
20,s3863
2,s3864
7,s3865
22,s3866
2,s3867
2,s3868
4,s3869
2,s3870
18,s3871
7,s3872
2,s3873
50,s3874
4,s3875
28,s3876
39,s3877
2,s3878
28,s3879
18,s3880
1,s3881
39,s3882
1,s3883
39,s3884
2,s3885
4,s3886
11,s3887
2,s3887
2,s3888
36,s3889
12,s3890
4,s3891
2,s3892
2,s3893
1,s3894
47,s3895
1,s3896
1,s3897
39,s3898
13,s3899
4,s3900
39,s3901
18,s3902
2,s3902
33,s3903
2,s3904
24,s3905
14,s3905
7,s3906
11,s3907
1,s3908
7,s3909
1,s3910
4,s3911
4,s3912
2,s3913
4,s3914
14,s3914
4,s3915
4,s3916
4,s3917
4,s3918
4,s3919
2,s3920
2,s3921
20,s3922
12,s3923
12,s3924
24,s3925
2,s3926
2,s3927
2,s3928
22,s3929
33,s3930
17,s3931
8,s3931
2,s3932
4,s3933
1,s3934
2,s3935
2,s3936
7,s3937
2,s3938
2,s3939
7,s3939
4,s3940
53,s3941
50,s3942
17,s3943
2,s3943
2,s3944
11,s3945
2,s3946
22,s3947
1,s3948
45,s3949
54,s3950
4,s3951
50,s3952
2,s3953
1,s3954
16,s3955
83,s3956
58,s3956
22,s3957
2,s3958
2,s3959
18,s3959
2,s3960
5,s3961
2,s3961
7,s3962
4,s3963
11,s3964
15,s3964
14,s3965
2,s3966
2,s3967
2,s3968
1,s3969
7,s3970
14,s3971
17,s3971
18,s3972
45,s3973
45,s3974
2,s3975
4,s3976
1,s3977
20,s3978
44,s3979
2,s3980
11,s3981
4,s3982
20,s3983
2,s3984
1,s3985
2,s3986
2,s3987
1,s3988
17,s3989
18,s3990
56,s3991
56,s3992
56,s3993
56,s3994
56,s3995
65,s3996
1,s3997
4,s3998
18,s3999
2,s4000
2,s4001
39,s4002
58,s4003
7,s4003
4,s4003
14,s4004
21,s4004
24,s4005
49,s4006
21,s4006
20,s4007
2,s4008
2,s4009
2,s4010
2,s4011
2,s4012
39,s4012
1,s4013
50,s4014
7,s4015
1,s4016
7,s4017
56,s4018
56,s4019
56,s4020
56,s4021
56,s4022
46,s4023
46,s4024
2,s4025
1,s4026
46,s4027
46,s4028
2,s4029
1,s4030
46,s4031
58,s4032
12,s4033
2,s4034
14,s4035
1,s4036
2,s4037
2,s4038
56,s4039
56,s4040
56,s4041
56,s4042
2,s4043
13,s4044
22,s4045
2,s4046
56,s4047
56,s4048
18,s4049
1,s4050
62,s4051
86,s4051
2,s4051
44,s4052
44,s4053
14,s4054
21,s4054
4,s4055
1,s4056
1,s4057
17,s4058
17,s4059
2,s4060
14,s4060
2,s4061
1,s4062
7,s4063
87,s4063
18,s4064
88,s4065
26,s4065
2,s4066
20,s4067
14,s4067
20,s4068
14,s4068
56,s4069
56,s4070
56,s4071
56,s4072
4,s4073
56,s4074
56,s4075
56,s4076
56,s4077
56,s4078
56,s4079
2,s4080
2,s4081
4,s4082
20,s4083
2,s4084
2,s4085
4,s4086
2,s4087
14,s4088
4,s4089
7,s4090
33,s4091
22,s4092
2,s4093
17,s4094
4,s4095
7,s4096
29,s4096
2,s4096
2,s4097
4,s4098
4,s4099
2,s4100
33,s4101
4,s4102
4,s4103
4,s4104
47,s4105
1,s4106
4,s4107
4,s4108
4,s4109
1,s4110
32,s4111
26,s4112
4,s4113
20,s4114
2,s4115
17,s4115
2,s4116
20,s4117
2,s4118
39,s4119
21,s4120
2,s4121
2,s4122
2,s4123
2,s4124
20,s4125
46,s4126
46,s4127
22,s4128
2,s4129
7,s4130
46,s4131
18,s4132
22,s4133
7,s4134
4,s4135
2,s4136
39,s4137
2,s4138
2,s4139
2,s4140
2,s4141
2,s4142
2,s4143
29,s4144
18,s4145
2,s4146
17,s4146
2,s4147
50,s4148
16,s4149
28,s4149
1,s4150
1,s4151
4,s4152
83,s4152
4,s4153
1,s4154
22,s4155
20,s4156
1,s4157
45,s4158
23,s4158
4,s4159
45,s4160
45,s4161
45,s4162
39,s4163
2,s4164
56,s4165
20,s4166
21,s4166
7,s4167
11,s4168
20,s4169
26,s4170
20,s4170
2,s4171
8,s4171
1,s4172
2,s4173
26,s4174
12,s4175
7,s4176
2,s4176
2,s4177
2,s4178
2,s4179
1,s4180
33,s4181
11,s4182
4,s4183
7,s4184
1,s4185
2,s4186
83,s4187
4,s4188
4,s4189
39,s4190
4,s4191
83,s4192
22,s4193
2,s4194
45,s4195
45,s4196
39,s4197
4,s4198
56,s4199
1,s4200
2,s4201
30,s4202
7,s4203
2,s4204
20,s4205
2,s4206
20,s4207
7,s4207
38,s4208
18,s4209
4,s4210
70,s4211
44,s4212
57,s4213
53,s4213
21,s4213
1,s4214
19,s4215
1,s4216
1,s4217
7,s4218
2,s4219
44,s4220
2,s4221
4,s4222
2,s4223
18,s4224
4,s4225
4,s4226
89,s4227
2,s4228
2,s4229
7,s4230
1,s4231
7,s4232
7,s4233
2,s4234
1,s4235
7,s4236
11,s4237
2,s4238
2,s4239
2,s4240
2,s4241
39,s4242
1,s4243
18,s4244
2,s4245
2,s4246
7,s4247
7,s4248
2,s4249
2,s4250
1,s4251
44,s4252
65,s4253
26,s4253
20,s4253
2,s4254
38,s4255
4,s4256
2,s4257
4,s4258
1,s4259
20,s4260
2,s4261
39,s4262
7,s4263
30,s4263
2,s4263
1,s4264
7,s4265
1,s4266
2,s4267
14,s4268
21,s4268
2,s4269
39,s4270
18,s4271
39,s4272
39,s4273
8,s4274
18,s4275
42,s4276
2,s4276
12,s4277
23,s4278
18,s4279
18,s4280
23,s4281
23,s4282
23,s4283
4,s4284
2,s4285
4,s4286
2,s4287
4,s4288
16,s4289
2,s4290
2,s4291
2,s4292
17,s4293
8,s4293
14,s4293
2,s4293
2,s4294
7,s4295
18,s4295
2,s4296
7,s4297
56,s4298
2,s4299
2,s4300
2,s4301
2,s4302
20,s4303
4,s4304
22,s4305
1,s4306
11,s4307
2,s4307
2,s4308
2,s4309
13,s4310
17,s4311
2,s4311
2,s4312
18,s4313
2,s4314
2,s4315
24,s4316
8,s4317
2,s4318
1,s4319
7,s4320
2,s4320
2,s4321
13,s4322
1,s4323
1,s4324
2,s4325
1,s4326
22,s4327
22,s4328
83,s4329
16,s4330
28,s4330
28,s4331
11,s4332
59,s4333
47,s4333
49,s4333
53,s4333
28,s4334
16,s4334
28,s4335
4,s4336
50,s4337
28,s4338
28,s4339
16,s4339
13,s4340
1,s4341
28,s4342
16,s4342
2,s4342
16,s4343
28,s4343
28,s4344
1,s4345
28,s4346
4,s4347
2,s4348
28,s4349
16,s4350
42,s4351
2,s4351
2,s4352
30,s4353
17,s4353
2,s4354
11,s4355
24,s4356
37,s4356
14,s4356
8,s4356
18,s4357
4,s4358
4,s4359
2,s4360
17,s4360
14,s4361
11,s4362
49,s4362
2,s4363
2,s4364
53,s4364
2,s4365
17,s4366
20,s4367
7,s4368
2,s4369
2,s4370
20,s4371
1,s4372
1,s4373
2,s4374
17,s4374
45,s4375
45,s4376
2,s4377
2,s4378
2,s4379
16,s4380
2,s4381
11,s4381
2,s4382
2,s4383
14,s4384
21,s4384
17,s4385
2,s4386
2,s4387
33,s4388
4,s4389
1,s4390
17,s4391
4,s4392
45,s4393
4,s4394
4,s4395
4,s4396
20,s4397
56,s4398
1,s4399
47,s4400
8,s4401
14,s4401
29,s4401
28,s4402
8,s4403
2,s4404
7,s4405
2,s4405
33,s4406
36,s4407
22,s4408
2,s4408
2,s4409
14,s4410
21,s4410
2,s4411
4,s4412
2,s4413
50,s4414
33,s4415
1,s4416
2,s4417
2,s4418
14,s4419
90,s4419
2,s4419
2,s4420
4,s4421
4,s4422
4,s4423
4,s4424
4,s4425
4,s4426
4,s4427
4,s4428
17,s4429
4,s4430
26,s4431
7,s4432
4,s4432
4,s4433
4,s4434
2,s4435
33,s4436
2,s4437
4,s4438
4,s4439
4,s4440
4,s4441
4,s4442
4,s4443
4,s4444
4,s4445
4,s4446
4,s4447
2,s4448
4,s4449
4,s4450
2,s4451
4,s4452
4,s4453
4,s4454
4,s4455
4,s4456
4,s4457
4,s4458
4,s4459
4,s4460
2,s4461
1,s4462
2,s4463
3,s4464
4,s4465
4,s4466
4,s4467
20,s4468
14,s4468
56,s4469
18,s4470
28,s4471
16,s4471
1,s4472
29,s4473
42,s4473
74,s4473
20,s4474
71,s4474
36,s4475
2,s4476
7,s4476
2,s4477
10,s4477
4,s4478
2,s4479
2,s4480
2,s4481
1,s4482
2,s4483
16,s4484
2,s4485
2,s4486
78,s4487
16,s4488
13,s4489
2,s4490
11,s4491
26,s4491
1,s4492
7,s4493
17,s4493
2,s4493
72,s4493
22,s4494
2,s4495
2,s4496
4,s4497
1,s4498
44,s4499
28,s4500
16,s4500
45,s4501
2,s4501
7,s4502
4,s4503
17,s4504
13,s4505
2,s4506
4,s4507
4,s4508
7,s4509
4,s4510
7,s4511
2,s4511
1,s4512
20,s4513
14,s4513
2,s4514
1,s4515
45,s4516
2,s4517
2,s4518
2,s4519
2,s4520
38,s4520
7,s4520
17,s4520
1,s4521
1,s4522
59,s4523
57,s4523
2,s4523
33,s4524
2,s4525
2,s4526
50,s4527
2,s4528
2,s4529
1,s4530
10,s4531
2,s4531
18,s4532
7,s4533
2,s4534
1,s4535
22,s4536
1,s4537
7,s4538
4,s4538
2,s4538
2,s4539
2,s4540
40,s4540
2,s4541
1,s4542
7,s4543
1,s4544
7,s4545
7,s4546
2,s4547
7,s4548
7,s4549
7,s4550
7,s4551
91,s4551
7,s4552
7,s4553
2,s4554
7,s4554
7,s4555
7,s4556
4,s4557
17,s4558
4,s4559
4,s4560
4,s4561
4,s4562
4,s4563
4,s4564
1,s4565
4,s4566
1,s4567
4,s4568
4,s4569
4,s4570
2,s4571
4,s4572
4,s4573
4,s4574
4,s4575
4,s4576
4,s4577
4,s4578
4,s4579
4,s4580
4,s4581
4,s4582
4,s4583
4,s4584
4,s4585
4,s4586
4,s4587
4,s4588
4,s4589
2,s4590
2,s4591
17,s4591
2,s4592
4,s4593
4,s4594
4,s4595
4,s4596
4,s4597
2,s4597
4,s4598
4,s4599
4,s4600
4,s4601
4,s4602
4,s4603
4,s4604
2,s4605
4,s4606
1,s4607
4,s4608
7,s4609
4,s4610
4,s4611
4,s4612
4,s4613
4,s4614
13,s4614
4,s4615
83,s4616
2,s4617
7,s4617
33,s4618
16,s4619
2,s4620
2,s4621
2,s4622
17,s4623
22,s4624
2,s4624
45,s4625
20,s4626
7,s4627
2,s4627
1,s4628
18,s4629
2,s4630
2,s4631
33,s4632
2,s4633
18,s4634
17,s4635
2,s4635
54,s4636
2,s4637
1,s4638
11,s4639
2,s4640
1,s4641
38,s4642
2,s4642
2,s4643
16,s4644
2,s4645
22,s4646
24,s4647
2,s4648
1,s4649
49,s4650
1,s4651
2,s4652
2,s4653
2,s4654
1,s4655
2,s4656
16,s4657
17,s4657
2,s4657
2,s4658
2,s4659
21,s4660
7,s4660
2,s4660
4,s4661
7,s4662
2,s4662
44,s4663
2,s4664
39,s4665
14,s4666
21,s4666
4,s4667
4,s4668
4,s4669
4,s4670
8,s4670
62,s4670
13,s4671
14,s4672
20,s4673
2,s4674
10,s4674
2,s4675
20,s4676
2,s4677
33,s4677
22,s4677
11,s4677
18,s4677
8,s4677
1,s4678
36,s4679
4,s4680
4,s4681
4,s4682
2,s4683
2,s4684
1,s4685
4,s4686
17,s4687
16,s4688
2,s4689
7,s4690
4,s4691
4,s4692
4,s4693
4,s4694
4,s4695
2,s4696
2,s4697
20,s4698
11,s4698
2,s4699
22,s4700
4,s4701
2,s4702
4,s4702
13,s4703
2,s4704
2,s4705
7,s4706
14,s4706
2,s4706
2,s4707
2,s4708
26,s4709
20,s4709
2,s4710
1,s4711
39,s4712
4,s4713
4,s4714
4,s4715
16,s4716
18,s4716
20,s4717
1,s4718
2,s4719
4,s4720
4,s4721
4,s4722
4,s4723
4,s4724
4,s4725
4,s4726
4,s4727
4,s4728
4,s4729
4,s4730
4,s4731
4,s4732
4,s4733
4,s4734
4,s4735
4,s4736
4,s4737
4,s4738
11,s4739
2,s4740
26,s4741
14,s4741
18,s4742
18,s4743
14,s4744
18,s4745
13,s4746
13,s4747
13,s4748
14,s4749
21,s4749
11,s4750
11,s4751
2,s4751
2,s4752
18,s4753
13,s4754
2,s4754
20,s4755
4,s4756
2,s4757
20,s4758
7,s4759
32,s4760
16,s4761
2,s4761
7,s4761
2,s4762
2,s4763
18,s4764
17,s4765
2,s4765
33,s4766
20,s4767
1,s4768
20,s4769
18,s4770
13,s4771
2,s4772
16,s4773
2,s4774
2,s4775
11,s4776
38,s4777
7,s4778
2,s4779
22,s4780
2,s4781
26,s4782
2,s4783
20,s4784
14,s4785
68,s4785
2,s4785
2,s4786
2,s4787
2,s4788
2,s4789
16,s4790
2,s4790
13,s4790
4,s4791
2,s4792
4,s4793
4,s4794
2,s4795
4,s4796
4,s4797
4,s4798
2,s4799
11,s4800
4,s4801
2,s4802
4,s4803
2,s4804
2,s4805
20,s4806
7,s4807
7,s4808
67,s4809
7,s4810
2,s4810
36,s4811
11,s4811
2,s4812
2,s4813
2,s4814
17,s4814
2,s4815
33,s4816
18,s4817
14,s4818
2,s4819
2,s4820
17,s4820
30,s4820
7,s4821
2,s4822
16,s4823
13,s4824
2,s4825
4,s4826
38,s4827
78,s4828
2,s4829
20,s4830
67,s4831
78,s4831
1,s4832
1,s4833
2,s4834
13,s4835
11,s4836
14,s4837
2,s4838
18,s4839
4,s4840
44,s4841
14,s4842
2,s4843
8,s4844
2,s4845
2,s4846
2,s4847
20,s4848
22,s4849
26,s4850
2,s4851
2,s4852
2,s4853
11,s4853
18,s4854
2,s4855
3,s4856
1,s4857
17,s4858
2,s4858
14,s4858
2,s4859
26,s4860
24,s4860
4,s4861
18,s4862
18,s4863
2,s4864
2,s4865
2,s4866
11,s4867
2,s4868
7,s4869
2,s4869
2,s4870
2,s4871
8,s4872
2,s4873
17,s4874
18,s4874
2,s4874
2,s4875
7,s4876
17,s4876
2,s4876
8,s4876
14,s4877
2,s4878
24,s4879
37,s4879
92,s4879
42,s4879
2,s4880
18,s4880
17,s4880
11,s4881
16,s4882
28,s4882
20,s4883
36,s4884
69,s4885
4,s4886
4,s4887
24,s4888
2,s4888
26,s4888
2,s4889
26,s4890
20,s4890
2,s4891
17,s4892
1,s4893
20,s4894
1,s4895
2,s4896
1,s4897
1,s4898
14,s4899
4,s4900
1,s4901
2,s4902
20,s4903
43,s4904
55,s4904
46,s4904
54,s4904
48,s4904
4,s4905
14,s4906
1,s4907
2,s4908
1,s4909
20,s4910
1,s4911
2,s4912
2,s4913
1,s4914
1,s4915
8,s4916
2,s4917
33,s4918
22,s4919
2,s4920
2,s4921
17,s4922
2,s4922
2,s4923
33,s4924
8,s4925
14,s4926
2,s4927
2,s4928
17,s4928
45,s4928
7,s4928
16,s4928
23,s4928
2,s4929
14,s4930
2,s4931
36,s4932
7,s4933
56,s4934
2,s4935
2,s4936
20,s4937
36,s4937
2,s4938
2,s4939
11,s4940
2,s4940
26,s4941
7,s4942
3,s4942
13,s4942
2,s4942
14,s4943
40,s4944
14,s4945
4,s4946
2,s4947
26,s4948
33,s4948
14,s4948
42,s4948
8,s4948
47,s4948
4,s4949
53,s4950
2,s4951
7,s4952
4,s4953
4,s4954
4,s4955
4,s4956
4,s4957
7,s4958
7,s4959
2,s4960
2,s4961
2,s4962
11,s4963
7,s4964
20,s4964
2,s4964
8,s4964
17,s4965
17,s4966
17,s4967
7,s4968
7,s4969
56,s4970
60,s4970
2,s4971
49,s4972
21,s4972
8,s4972
35,s4972
2,s4973
7,s4974
2,s4975
4,s4976
2,s4977
58,s4978
2,s4978
26,s4979
2,s4980
2,s4981
1,s4982
18,s4983
53,s4984
46,s4985
21,s4986
42,s4987
22,s4988
18,s4989
7,s4990
2,s4991
18,s4992
7,s4993
2,s4993
2,s4994
22,s4995
4,s4996
40,s4997
2,s4997
59,s4998
8,s4998
53,s4998
2,s4999
1,s5000
2,s5001
26,s5002
67,s5003
17,s5004
17,s5005
2,s5006
2,s5007
4,s5008
4,s5009
4,s5010
2,s5011
8,s5012
4,s5013
20,s5014
4,s5015
17,s5016
17,s5017
17,s5018
17,s5019
17,s5020
4,s5021
4,s5022
22,s5023
7,s5024
2,s5025
20,s5026
22,s5027
16,s5027
14,s5028
7,s5029
8,s5029
2,s5030
7,s5031
22,s5032
7,s5033
18,s5034
26,s5035
2,s5036
2,s5037
2,s5038
18,s5039
2,s5040
4,s5041
2,s5042
7,s5043
17,s5043
93,s5044
2,s5045
1,s5046
2,s5047
2,s5048
2,s5049
1,s5050
52,s5051
22,s5052
2,s5053
11,s5053
2,s5054
2,s5055
8,s5056
2,s5057
7,s5058
20,s5059
2,s5060
23,s5061
11,s5062
26,s5063
2,s5064
40,s5065
2,s5065
22,s5066
36,s5067
2,s5068
1,s5069
2,s5070
32,s5070
18,s5071
2,s5072
2,s5073
17,s5074
2,s5074
7,s5075
20,s5076
36,s5077
18,s5078
2,s5079
94,s5080
4,s5080
4,s5081
13,s5082
58,s5082
2,s5083
10,s5084
2,s5084
2,s5085
22,s5086
2,s5087
36,s5088
4,s5089
1,s5090
7,s5091
2,s5091
2,s5092
18,s5093
2,s5094
20,s5095
18,s5096
18,s5097
7,s5098
18,s5099
14,s5100
2,s5101
2,s5102
17,s5103
14,s5104
14,s5105
1,s5106
8,s5107
2,s5108
2,s5109
1,s5110
2,s5111
7,s5112
13,s5113
2,s5113
2,s5114
26,s5115
17,s5116
11,s5117
2,s5117
7,s5118
17,s5119
8,s5119
3,s5119
22,s5120
1,s5121
2,s5122
4,s5123
2,s5124
22,s5125
16,s5125
2,s5125
2,s5126
2,s5127
2,s5128
1,s5129
2,s5130
4,s5131
4,s5132
94,s5132
13,s5133
2,s5133
2,s5134
2,s5135
4,s5136
18,s5137
2,s5137
2,s5138
2,s5139
50,s5140
2,s5141
18,s5142
4,s5143
11,s5143
93,s5144
8,s5144
14,s5144
14,s5145
1,s5146
58,s5147
25,s5147
2,s5148
2,s5149
7,s5150
7,s5151
4,s5152
2,s5153
20,s5154
18,s5155
1,s5156
1,s5157
22,s5158
2,s5159
2,s5160
13,s5161
17,s5161
2,s5162
2,s5163
2,s5164
17,s5165
2,s5165
2,s5166
2,s5167
2,s5168
2,s5169
18,s5170
29,s5171
2,s5172
17,s5173
18,s5174
18,s5175
2,s5176
11,s5177
33,s5178
18,s5179
2,s5180
2,s5181
2,s5182
2,s5183
4,s5184
1,s5185
17,s5186
4,s5187
20,s5188
58,s5189
8,s5190
16,s5191
1,s5192
1,s5193
1,s5194
1,s5195
23,s5196
2,s5197
2,s5198
2,s5199
17,s5200
2,s5201
2,s5202
2,s5203
2,s5204
7,s5205
17,s5206
2,s5206
7,s5207
2,s5208
2,s5209
2,s5210
2,s5211
2,s5212
14,s5213
2,s5214
4,s5215
1,s5216
1,s5217
4,s5218
32,s5219
14,s5220
4,s5221
50,s5221
2,s5222
8,s5223
35,s5223
49,s5223
12,s5224
14,s5224
8,s5224
42,s5224
11,s5225
7,s5226
2,s5227
2,s5228
43,s5229
20,s5230
2,s5231
18,s5232
16,s5233
34,s5234
2,s5234
2,s5235
22,s5236
18,s5237
2,s5238
17,s5238
20,s5239
2,s5240
24,s5240
2,s5241
17,s5242
1,s5243
14,s5244
7,s5244
2,s5244
2,s5245
2,s5246
23,s5247
23,s5248
59,s5249
8,s5249
11,s5250
39,s5251
7,s5252
2,s5253
2,s5254
1,s5255
2,s5256
1,s5257
7,s5258
2,s5259
1,s5260
14,s5261
95,s5261
2,s5262
2,s5263
18,s5263
17,s5264
17,s5265
20,s5266
26,s5266
2,s5267
2,s5268
2,s5269
2,s5270
17,s5270
69,s5271
2,s5271
2,s5272
47,s5272
2,s5273
2,s5274
13,s5275
2,s5276
2,s5277
2,s5278
20,s5279
67,s5280
2,s5281
1,s5282
2,s5283
2,s5284
2,s5285
2,s5286
2,s5287
2,s5288
39,s5289
39,s5290
4,s5291
1,s5292
18,s5293
18,s5294
2,s5295
4,s5296
4,s5297
18,s5298
18,s5299
2,s5300
4,s5301
2,s5302
2,s5303
4,s5304
4,s5305
2,s5306
36,s5306
11,s5306
8,s5307
2,s5308
14,s5309
4,s5310
94,s5310
26,s5311
20,s5311
16,s5312
7,s5313
24,s5313
38,s5313
78,s5313
2,s5313
26,s5314
65,s5314
20,s5314
14,s5314
26,s5315
2,s5316
2,s5317
13,s5318
2,s5319
2,s5320
2,s5321
2,s5322
2,s5323
7,s5324
14,s5324
2,s5324
21,s5324
12,s5325
2,s5326
2,s5327
18,s5328
2,s5329
2,s5330
11,s5331
2,s5332
2,s5333
2,s5334
4,s5335
1,s5336
1,s5337
4,s5338
1,s5339
1,s5340
2,s5341
14,s5342
17,s5342
16,s5342
69,s5342
11,s5343
2,s5344
7,s5345
14,s5345
21,s5345
2,s5345
2,s5346
20,s5347
8,s5347
23,s5348
39,s5349
22,s5350
29,s5351
30,s5352
1,s5353
2,s5354
39,s5355
29,s5356
1,s5357
1,s5358
2,s5359
13,s5360
1,s5361
67,s5362
14,s5362
23,s5363
7,s5364
14,s5365
7,s5366
7,s5367
2,s5368
2,s5369
2,s5370
53,s5371
2,s5371
4,s5372
2,s5373
20,s5374
20,s5375
2,s5376
2,s5377
2,s5378
2,s5379
2,s5380
2,s5381
17,s5382
16,s5383
16,s5384
16,s5385
2,s5386
16,s5387
14,s5388
12,s5389
13,s5390
23,s5391
4,s5392
2,s5393
17,s5393
1,s5394
49,s5395
12,s5396
4,s5397
7,s5398
4,s5399
23,s5400
4,s5401
1,s5402
20,s5403
23,s5404
23,s5405
23,s5406
23,s5407
23,s5408
4,s5409
23,s5410
23,s5411
20,s5412
2,s5413
17,s5413
2,s5414
7,s5414
18,s5415
22,s5416
2,s5416
2,s5417
2,s5418
49,s5419
2,s5419
2,s5420
4,s5421
2,s5422
2,s5423
18,s5423
17,s5423
2,s5424
2,s5425
2,s5426
2,s5427
2,s5428
24,s5429
2,s5429
4,s5430
33,s5431
7,s5432
2,s5433
22,s5434
22,s5435
22,s5436
22,s5437
16,s5438
22,s5439
22,s5440
17,s5441
2,s5441
4,s5442
45,s5443
20,s5444
7,s5445
2,s5446
22,s5447
4,s5448
7,s5449
2,s5450
7,s5451
7,s5452
4,s5453
2,s5454
33,s5455
14,s5456
7,s5456
4,s5456
17,s5457
2,s5457
23,s5458
1,s5459
2,s5460
4,s5461
4,s5462
4,s5463
20,s5464
47,s5465
23,s5466
7,s5467
7,s5468
2,s5469
4,s5470
2,s5471
2,s5472
4,s5473
2,s5474
14,s5475
1,s5476
18,s5477
44,s5478
33,s5479
2,s5480
2,s5481
4,s5482
4,s5483
2,s5484
2,s5485
4,s5486
10,s5487
96,s5487
8,s5488
2,s5488
1,s5489
2,s5490
7,s5491
14,s5492
17,s5492
2,s5493
2,s5494
13,s5495
11,s5496
2,s5497
2,s5498
23,s5499
14,s5499
4,s5500
4,s5501
14,s5502
21,s5502
14,s5503
21,s5503
7,s5504
17,s5505
4,s5506
17,s5507
20,s5508
37,s5508
2,s5509
13,s5509
16,s5509
22,s5510
22,s5511
2,s5512
17,s5513
2,s5513
22,s5514
20,s5515
4,s5516
3,s5517
2,s5517
8,s5517
53,s5518
2,s5519
17,s5520
2,s5521
2,s5522
2,s5523
2,s5524
2,s5525
2,s5526
8,s5527
8,s5528
8,s5529
24,s5530
19,s5531
14,s5532
21,s5532
20,s5533
2,s5534
11,s5535
2,s5536
2,s5537
22,s5538
2,s5539
20,s5540
26,s5540
2,s5541
2,s5542
12,s5543
33,s5544
2,s5545
4,s5546
2,s5547
4,s5548
2,s5549
4,s5550
20,s5551
26,s5552
20,s5553
7,s5554
1,s5555
7,s5556
2,s5557
2,s5558
2,s5559
7,s5559
13,s5559
33,s5560
2,s5561
2,s5562
2,s5563
18,s5564
2,s5565
2,s5566
2,s5567
13,s5568
22,s5569
18,s5570
7,s5571
18,s5571
2,s5571
4,s5572
17,s5573
7,s5574
4,s5575
2,s5576
2,s5577
71,s5578
20,s5578
2,s5579
2,s5580
22,s5581
12,s5582
2,s5583
7,s5584
4,s5585
22,s5586
2,s5587
4,s5588
33,s5589
33,s5590
2,s5591
11,s5592
22,s5593
12,s5594
2,s5595
20,s5596
2,s5597
20,s5598
24,s5598
26,s5598
22,s5599
4,s5600
8,s5601
22,s5602
17,s5603
22,s5604
20,s5605
67,s5606
20,s5606
26,s5606
8,s5606
2,s5607
7,s5608
22,s5609
18,s5610
7,s5611
2,s5611
24,s5612
91,s5613
2,s5614
11,s5615
2,s5616
4,s5617
4,s5618
4,s5619
20,s5620
20,s5621
17,s5622
2,s5622
2,s5623
11,s5624
14,s5625
7,s5626
33,s5627
2,s5628
14,s5629
4,s5630
2,s5631
2,s5632
8,s5633
62,s5634
10,s5634
8,s5635
8,s5636
14,s5637
2,s5638
54,s5639
60,s5639
2,s5640
2,s5641
7,s5642
35,s5642
60,s5642
90,s5642
2,s5643
2,s5644
17,s5645
2,s5646
2,s5647
4,s5648
2,s5649
14,s5650
21,s5650
2,s5651
4,s5652
11,s5653
22,s5654
18,s5655
2,s5656
11,s5657
2,s5658
2,s5659
14,s5660
22,s5660
18,s5660
2,s5661
2,s5662
7,s5663
2,s5664
8,s5665
22,s5666
7,s5667
22,s5668
22,s5669
22,s5670
16,s5671
22,s5672
18,s5673
22,s5674
7,s5675
22,s5676
38,s5677
8,s5677
14,s5677
17,s5678
18,s5678
49,s5678
11,s5679
2,s5680
7,s5681
2,s5682
2,s5683
52,s5683
2,s5684
39,s5685
2,s5686
14,s5687
8,s5687
2,s5688
2,s5689
2,s5690
2,s5691
14,s5692
17,s5693
17,s5694
2,s5694
2,s5695
2,s5696
4,s5697
2,s5698
78,s5699
39,s5700
39,s5701
4,s5702
2,s5703
39,s5704
2,s5705
4,s5706
11,s5707
2,s5708
2,s5709
2,s5710
4,s5711
11,s5712
2,s5713
2,s5714
14,s5715
60,s5715
36,s5716
7,s5717
8,s5718
4,s5719
2,s5720
14,s5721
2,s5722
57,s5723
7,s5724
2,s5725
62,s5726
7,s5727
39,s5728
39,s5729
39,s5730
39,s5731
39,s5732
39,s5733
2,s5734
1,s5735
20,s5736
17,s5737
17,s5738
2,s5738
7,s5739
8,s5739
17,s5739
14,s5740
14,s5741
21,s5741
17,s5742
14,s5743
20,s5744
2,s5745
2,s5746
14,s5747
18,s5748
18,s5749
18,s5750
14,s5751
18,s5752
7,s5753
14,s5753
18,s5754
2,s5755
2,s5756
2,s5757
2,s5758
2,s5759
2,s5760
30,s5761
3,s5761
2,s5762
39,s5763
39,s5764
32,s5765
33,s5766
39,s5767
4,s5768
39,s5769
2,s5770
29,s5770
67,s5771
2,s5771
14,s5771
39,s5772
20,s5773
2,s5774
17,s5774
2,s5775
1,s5776
49,s5777
39,s5778
4,s5779
2,s5780
24,s5781
39,s5782
47,s5783
2,s5783
2,s5784
2,s5785
2,s5786
1,s5787
1,s5788
1,s5789
1,s5790
1,s5791
1,s5792
17,s5793
2,s5793
2,s5794
2,s5795
7,s5796
2,s5797
2,s5798
7,s5799
1,s5800
2,s5801
7,s5802
7,s5803
2,s5804
7,s5805
39,s5806
7,s5807
18,s5808
2,s5809
2,s5810
2,s5811
2,s5812
7,s5813
2,s5814
7,s5815
2,s5816
2,s5817
2,s5818
2,s5819
2,s5820
2,s5821
7,s5822
7,s5823
7,s5824
2,s5825
36,s5826
7,s5827
2,s5828
2,s5829
2,s5830
14,s5830
2,s5831
2,s5832
17,s5833
4,s5834
7,s5834
18,s5835
2,s5836
2,s5837
4,s5838
1,s5839
11,s5840
2,s5841
16,s5842
28,s5842
2,s5843
18,s5844
13,s5845
13,s5846
2,s5847
2,s5848
17,s5849
7,s5849
2,s5849
2,s5850
2,s5851
21,s5852
14,s5852
49,s5852
2,s5853
18,s5854
2,s5854
2,s5855
17,s5856
18,s5857
2,s5858
17,s5859
7,s5860
7,s5861
2,s5862
2,s5863
18,s5864
16,s5865
2,s5865
2,s5866
2,s5867
2,s5868
2,s5869
2,s5870
1,s5871
2,s5872
11,s5873
28,s5874
16,s5874
28,s5875
16,s5875
2,s5876
2,s5877
14,s5878
2,s5879
2,s5880
17,s5881
2,s5882
18,s5883
2,s5884
2,s5885
2,s5886
2,s5887
2,s5888
2,s5889
2,s5890
2,s5891
2,s5892
2,s5893
7,s5894
97,s5894
2,s5894
2,s5895
1,s5896
2,s5897
2,s5898
2,s5899
2,s5900
2,s5901
2,s5902
8,s5903
13,s5903
14,s5903
16,s5903
2,s5904
2,s5905
2,s5906
2,s5907
2,s5908
7,s5909
11,s5910
2,s5911
2,s5912
2,s5913
2,s5914
14,s5915
2,s5916
2,s5917
2,s5918
2,s5919
1,s5920
2,s5921
2,s5922
59,s5923
2,s5923
17,s5924
2,s5925
7,s5926
2,s5927
2,s5928
2,s5929
2,s5930
2,s5931
98,s5931
99,s5931
2,s5932
2,s5933
2,s5934
52,s5934
30,s5934
17,s5934
2,s5935
7,s5936
46,s5936
2,s5936
2,s5937
2,s5938
2,s5939
2,s5940
7,s5940
2,s5941
2,s5942
2,s5943
2,s5944
2,s5945
2,s5946
2,s5947
2,s5948
2,s5949
2,s5950
2,s5951
2,s5952
2,s5953
2,s5954
14,s5954
7,s5954
20,s5955
11,s5955
14,s5955
2,s5956
47,s5957
2,s5958
2,s5959
2,s5960
2,s5961
4,s5962
4,s5963
19,s5964
1,s5965
59,s5966
57,s5966
2,s5966
4,s5967
7,s5968
4,s5969
4,s5970
4,s5971
2,s5972
17,s5973
17,s5974
1,s5975
57,s5976
12,s5977
2,s5978
12,s5979
2,s5980
2,s5981
2,s5982
3,s5982
20,s5983
2,s5984
7,s5985
2,s5986
22,s5987
2,s5988
2,s5989
1,s5990
28,s5991
16,s5991
23,s5991
2,s5992
2,s5993
8,s5993
2,s5994
2,s5995
2,s5996
2,s5997
22,s5998
7,s5999
2,s6000
2,s6001
4,s6002
2,s6003
3,s6004
16,s6004
2,s6004
26,s6005
7,s6006
2,s6007
1,s6008
2,s6009
45,s6010
17,s6011
46,s6012
2,s6013
47,s6014
14,s6014
42,s6014
2,s6015
2,s6016
1,s6017
2,s6018
2,s6019
2,s6020
45,s6021
32,s6022
7,s6022
4,s6023
2,s6024
4,s6025
83,s6026
2,s6027
2,s6028
16,s6028
4,s6029
2,s6030
2,s6031
7,s6031
7,s6032
2,s6032
2,s6033
49,s6034
47,s6034
3,s6034
17,s6035
2,s6035
4,s6036
2,s6037
39,s6038
2,s6039
2,s6040
2,s6041
2,s6042
2,s6043
2,s6044
22,s6045
1,s6046
58,s6047
2,s6047
2,s6048
33,s6049
2,s6050
49,s6051
7,s6052
2,s6053
2,s6054
17,s6055
4,s6056
90,s6057
14,s6057
2,s6058
7,s6058
14,s6058
2,s6059
38,s6060
2,s6060
2,s6061
2,s6062
2,s6063
4,s6064
2,s6065
2,s6066
7,s6067
2,s6068
17,s6069
2,s6070
12,s6071
4,s6072
4,s6073
4,s6074
4,s6075
4,s6076
4,s6077
46,s6078
4,s6079
22,s6080
2,s6081
7,s6082
2,s6082
14,s6082
8,s6082
26,s6083
11,s6084
17,s6085
2,s6086
7,s6086
2,s6087
12,s6088
2,s6088
17,s6089
2,s6090
14,s6091
13,s6092
14,s6092
4,s6093
17,s6094
2,s6094
7,s6095
2,s6096
2,s6097
2,s6098
2,s6099
67,s6099
7,s6100
7,s6101
1,s6102
4,s6103
4,s6104
2,s6105
7,s6106
4,s6107
4,s6108
46,s6109
2,s6110
40,s6110
20,s6111
2,s6112
2,s6113
2,s6114
53,s6115
2,s6115
2,s6116
30,s6117
7,s6117
2,s6117
20,s6118
24,s6118
2,s6119
2,s6120
2,s6121
7,s6122
7,s6123
14,s6123
8,s6123
2,s6124
8,s6124
17,s6124
2,s6125
2,s6126
4,s6126
7,s6127
2,s6128
2,s6129
7,s6130
4,s6131
46,s6132
2,s6133
2,s6134
2,s6135
2,s6136
2,s6137
2,s6138
2,s6139
2,s6140
2,s6141
17,s6142
17,s6143
68,s6143
2,s6144
7,s6145
2,s6145
2,s6146
2,s6147
2,s6148
17,s6148
2,s6149
7,s6150
4,s6151
2,s6152
2,s6153
2,s6154
2,s6155
46,s6156
39,s6157
2,s6158
46,s6159
4,s6160
20,s6161
2,s6162
2,s6163
2,s6164
2,s6165
4,s6166
8,s6166
4,s6167
4,s6168
4,s6169
2,s6170
33,s6171
49,s6171
2,s6171
36,s6171
62,s6171
8,s6171
2,s6172
46,s6173
1,s6174
2,s6175
2,s6176
4,s6177
18,s6178
2,s6179
2,s6180
2,s6181
17,s6181
14,s6182
17,s6182
21,s6182
2,s6183
46,s6184
45,s6185
2,s6186
7,s6187
2,s6187
2,s6188
2,s6189
2,s6190
22,s6191
2,s6192
17,s6193
2,s6194
17,s6194
17,s6195
14,s6195
7,s6196
67,s6197
7,s6198
13,s6199
40,s6200
2,s6200
20,s6200
17,s6200
2,s6201
53,s6202
49,s6202
4,s6203
4,s6204
12,s6205
14,s6206
2,s6206
11,s6206
4,s6207
33,s6208
17,s6209
2,s6210
13,s6211
7,s6211
58,s6211
17,s6211
2,s6212
2,s6213
7,s6214
23,s6215
2,s6215
2,s6216
17,s6216
4,s6217
4,s6218
2,s6219
67,s6220
2,s6221
2,s6222
2,s6223
83,s6224
12,s6225
2,s6226
2,s6227
44,s6228
1,s6229
44,s6230
44,s6231
20,s6232
4,s6233
13,s6234
100,s6234
18,s6234
35,s6234
11,s6234
101,s6234
32,s6234
56,s6234
3,s6234
53,s6234
2,s6234
65,s6234
2,s6235
2,s6236
2,s6237
2,s6238
2,s6239
2,s6240
2,s6241
17,s6241
2,s6242
17,s6242
2,s6243
2,s6244
2,s6245
67,s6246
4,s6247
2,s6248
2,s6249
14,s6249
24,s6250
2,s6251
2,s6252
2,s6253
7,s6254
4,s6255
4,s6256
2,s6257
13,s6257
2,s6258
29,s6259
8,s6260
7,s6261
2,s6261
2,s6262
17,s6263
22,s6264
17,s6265
1,s6266
2,s6267
2,s6268
45,s6269
46,s6270
7,s6271
30,s6271
2,s6272
2,s6273
18,s6274
2,s6274
2,s6275
1,s6276
12,s6277
4,s6278
7,s6279
2,s6280
17,s6281
2,s6282
2,s6283
2,s6284
2,s6285
12,s6286
8,s6287
1,s6288
2,s6289
4,s6290
46,s6291
18,s6292
2,s6293
4,s6293
4,s6294
90,s6294
4,s6295
4,s6296
4,s6297
1,s6298
4,s6299
4,s6300
4,s6301
2,s6302
14,s6302
18,s6302
2,s6303
2,s6304
7,s6305
2,s6306
8,s6306
2,s6307
47,s6308
2,s6309
7,s6310
2,s6311
7,s6312
14,s6312
2,s6313
4,s6314
4,s6315
17,s6316
2,s6317
51,s6318
17,s6319
20,s6320
4,s6321
2,s6322
2,s6323
7,s6323
12,s6324
20,s6325
2,s6326
2,s6327
2,s6328
26,s6329
20,s6329
2,s6330
2,s6331
2,s6332
2,s6333
13,s6334
2,s6334
14,s6335
44,s6336
14,s6337
2,s6338
14,s6339
21,s6339
20,s6339
2,s6340
2,s6341
7,s6342
2,s6343
14,s6343
8,s6344
2,s6344
2,s6345
17,s6346
2,s6347
1,s6348
17,s6349
47,s6350
53,s6350
38,s6350
2,s6350
4,s6351
7,s6352
30,s6353
7,s6353
2,s6354
57,s6354
2,s6355
2,s6356
49,s6357
13,s6358
2,s6359
4,s6360
1,s6361
7,s6362
2,s6363
7,s6364
29,s6364
7,s6365
17,s6366
2,s6366
33,s6367
2,s6368
2,s6369
2,s6370
2,s6371
2,s6372
38,s6372
24,s6372
3,s6372
2,s6373
2,s6374
4,s6375
13,s6376
2,s6377
2,s6378
1,s6379
2,s6380
16,s6381
2,s6382
17,s6383
17,s6384
17,s6385
1,s6386
45,s6387
23,s6387
49,s6388
47,s6388
14,s6388
8,s6388
2,s6389
1,s6390
2,s6391
2,s6392
22,s6393
18,s6393
7,s6394
2,s6395
2,s6396
21,s6397
14,s6397
2,s6398
7,s6399
45,s6400
26,s6401
22,s6402
7,s6403
83,s6403
4,s6404
1,s6405
1,s6406
1,s6407
24,s6408
11,s6409
2,s6409
2,s6410
2,s6411
17,s6412
2,s6413
22,s6414
2,s6415
2,s6416
7,s6416
14,s6417
14,s6418
32,s6418
4,s6419
30,s6420
2,s6421
56,s6422
7,s6423
2,s6423
13,s6423
2,s6424
2,s6425
2,s6426
11,s6426
18,s6427
7,s6428
10,s6428
2,s6428
8,s6428
102,s6428
28,s6429
28,s6430
1,s6431
2,s6432
16,s6433
8,s6433
4,s6433
2,s6433
2,s6434
13,s6434
17,s6435
59,s6436
4,s6437
2,s6438
4,s6439
4,s6440
4,s6441
83,s6442
8,s6443
103,s6443
2,s6444
45,s6445
2,s6446
53,s6446
7,s6447
2,s6447
2,s6448
2,s6449
4,s6450
2,s6451
17,s6452
28,s6453
16,s6453
2,s6454
4,s6455
14,s6455
13,s6456
2,s6457
22,s6458
2,s6459
7,s6460
7,s6461
1,s6462
1,s6463
1,s6464
4,s6465
4,s6466
2,s6467
19,s6468
2,s6469
1,s6470
16,s6471
1,s6472
2,s6473
4,s6473
70,s6473
7,s6474
2,s6474
2,s6475
17,s6475
14,s6475
2,s6476
2,s6477
2,s6478
17,s6479
2,s6479
2,s6480
2,s6481
2,s6482
26,s6483
50,s6484
83,s6485
4,s6486
2,s6487
7,s6488
33,s6489
14,s6489
8,s6489
7,s6490
7,s6491
2,s6492
2,s6493
7,s6493
13,s6493
2,s6494
2,s6495
4,s6496
2,s6497
2,s6498
7,s6499
2,s6500
7,s6501
2,s6501
8,s6502
2,s6502
28,s6502
23,s6502
14,s6503
8,s6503
37,s6503
2,s6504
1,s6505
1,s6506
1,s6507
1,s6508
1,s6509
1,s6510
2,s6511
8,s6511
2,s6512
4,s6513
2,s6514
2,s6515
4,s6516
8,s6517
14,s6517
68,s6517
7,s6517
2,s6517
4,s6518
17,s6519
2,s6519
7,s6519
2,s6520
1,s6521
2,s6522
4,s6523
7,s6524
17,s6524
24,s6524
2,s6525
10,s6526
14,s6526
2,s6527
51,s6528
30,s6529
12,s6530
4,s6531
1,s6532
2,s6533
2,s6534
17,s6535
1,s6536
2,s6537
17,s6538
13,s6539
2,s6540
2,s6541
8,s6541
4,s6542
14,s6543
39,s6544
28,s6544
2,s6544
16,s6544
2,s6545
2,s6546
4,s6547
12,s6548
2,s6549
7,s6550
2,s6551
2,s6552
26,s6553
4,s6554
2,s6555
4,s6555
2,s6556
13,s6557
8,s6558
13,s6558
8,s6559
11,s6560
7,s6561
2,s6562
2,s6563
30,s6564
4,s6565
7,s6566
42,s6566
2,s6566
2,s6567
7,s6567
14,s6567
4,s6568
4,s6569
4,s6570
7,s6571
2,s6571
16,s6572
39,s6573
2,s6574
49,s6575
2,s6576
7,s6577
4,s6578
2,s6579
2,s6580
4,s6581
2,s6582
17,s6583
2,s6584
2,s6585
7,s6586
2,s6587
13,s6588
4,s6589
2,s6590
2,s6591
47,s6592
81,s6592
2,s6593
2,s6594
1,s6595
2,s6596
46,s6597
7,s6598
3,s6598
2,s6599
15,s6600
53,s6600
59,s6600
104,s6600
8,s6600
17,s6601
4,s6602
4,s6603
2,s6604
4,s6605
16,s6606
28,s6606
7,s6607
7,s6608
14,s6609
21,s6609
7,s6610
2,s6610
4,s6611
2,s6612
2,s6613
17,s6614
28,s6615
2,s6616
2,s6617
3,s6618
2,s6618
32,s6618
17,s6618
1,s6619
2,s6620
24,s6620
7,s6620
105,s6620
2,s6621
2,s6622
2,s6623
47,s6624
14,s6624
21,s6624
24,s6624
49,s6624
2,s6624
7,s6624
2,s6625
2,s6626
2,s6627
13,s6627
11,s6627
14,s6628
14,s6629
14,s6630
7,s6631
7,s6632
2,s6633
2,s6634
7,s6635
10,s6635
8,s6635
2,s6635
2,s6636
28,s6637
2,s6638
2,s6639
2,s6640
14,s6641
16,s6641
18,s6641
2,s6641
2,s6642
2,s6643
2,s6644
2,s6645
1,s6646
2,s6647
22,s6647
16,s6647
2,s6648
8,s6649
8,s6650
21,s6650
2,s6651
2,s6652
2,s6653
67,s6653
83,s6654
59,s6654
2,s6654
4,s6655
2,s6656
7,s6657
2,s6658
33,s6659
7,s6660
1,s6661
2,s6662
2,s6663
39,s6664
2,s6665
2,s6666
4,s6667
4,s6668
4,s6669
4,s6670
2,s6671
17,s6671
21,s6671
7,s6671
20,s6672
36,s6673
36,s6674
11,s6675
27,s6676
2,s6677
20,s6678
2,s6679
1,s6680
49,s6681
7,s6682
2,s6683
14,s6684
1,s6685
1,s6686
7,s6687
2,s6688
45,s6689
13,s6690
2,s6691
17,s6692
14,s6692
24,s6692
95,s6692
2,s6692
2,s6693
1,s6694
4,s6695
7,s6696
2,s6697
1,s6698
17,s6699
20,s6699
14,s6699
2,s6700
17,s6701
28,s6702
2,s6702
2,s6703
45,s6703
2,s6704
42,s6705
26,s6706
11,s6707
4,s6708
24,s6709
1,s6710
2,s6711
7,s6712
2,s6712
2,s6713
20,s6714
14,s6714
24,s6714
7,s6715
2,s6716
7,s6717
16,s6718
1,s6719
2,s6720
59,s6721
2,s6722
2,s6723
2,s6724
7,s6725
2,s6725
12,s6726
12,s6727
12,s6728
12,s6729
2,s6730
2,s6731
18,s6732
7,s6733
4,s6734
2,s6735
2,s6736
8,s6737
4,s6738
2,s6739
4,s6740
46,s6741
1,s6742
7,s6743
2,s6744
4,s6745
2,s6746
2,s6747
19,s6748
7,s6749
2,s6750
12,s6751
2,s6752
45,s6753
2,s6754
2,s6755
17,s6755
2,s6756
8,s6756
24,s6757
14,s6757
4,s6758
2,s6759
7,s6760
17,s6760
2,s6760
7,s6761
1,s6762
2,s6763
1,s6764
58,s6765
28,s6766
2,s6767
17,s6768
2,s6768
46,s6769
2,s6770
22,s6771
28,s6772
58,s6773
2,s6773
7,s6773
1,s6774
2,s6775
20,s6776
2,s6777
2,s6778
11,s6779
7,s6780
2,s6781
2,s6782
2,s6783
7,s6784
2,s6785
7,s6786
33,s6787
7,s6788
38,s6788
29,s6788
7,s6789
2,s6790
8,s6791
2,s6791
20,s6792
106,s6792
7,s6793
2,s6794
8,s6794
2,s6795
33,s6795
2,s6796
2,s6797
2,s6798
2,s6799
14,s6799
11,s6799
2,s6800
107,s6800
46,s6801
2,s6802
2,s6803
2,s6804
2,s6805
8,s6806
2,s6807
46,s6808
14,s6809
7,s6809
2,s6809
2,s6810
7,s6811
2,s6811
20,s6811
8,s6811
34,s6811
17,s6811
7,s6812
2,s6812
20,s6812
8,s6812
34,s6812
17,s6812
7,s6813
2,s6813
20,s6813
8,s6813
34,s6813
17,s6813
2,s6814
17,s6815
2,s6815
2,s6816
51,s6817
2,s6818
7,s6818
2,s6819
33,s6820
14,s6820
4,s6821
29,s6822
2,s6823
45,s6824
39,s6825
4,s6826
2,s6827
24,s6827
18,s6828
45,s6829
45,s6830
18,s6831
2,s6831
4,s6832
4,s6833
2,s6834
7,s6835
7,s6836
53,s6837
2,s6838
13,s6838
24,s6839
17,s6839
14,s6839
2,s6840
7,s6841
2,s6841
2,s6842
2,s6843
2,s6844
4,s6845
44,s6846
2,s6846
18,s6847
2,s6848
13,s6848
18,s6849
2,s6850
18,s6851
4,s6852
45,s6853
2,s6854
7,s6855
47,s6855
17,s6855
89,s6855
56,s6856
2,s6857
1,s6858
2,s6859
2,s6860
16,s6861
28,s6861
2,s6862
2,s6863
7,s6864
4,s6865
18,s6866
7,s6867
2,s6867
2,s6868
2,s6869
13,s6870
4,s6871
24,s6872
8,s6872
2,s6873
12,s6874
2,s6875
2,s6876
2,s6877
46,s6878
2,s6879
14,s6879
7,s6879
18,s6879
2,s6880
7,s6880
47,s6880
53,s6880
2,s6881
2,s6882
2,s6883
17,s6883
2,s6884
7,s6884
2,s6885
7,s6885
24,s6885
2,s6886
2,s6887
14,s6887
17,s6887
20,s6887
4,s6888
8,s6889
2,s6889
7,s6890
20,s6891
4,s6892
2,s6893
2,s6894
7,s6895
7,s6896
2,s6897
19,s6898
2,s6899
2,s6900
17,s6901
18,s6902
7,s6903
67,s6904
12,s6905
12,s6906
1,s6907
4,s6908
12,s6909
2,s6910
7,s6910
17,s6910
2,s6911
18,s6911
2,s6912
4,s6913
2,s6914
46,s6915
2,s6916
2,s6917
2,s6918
7,s6919
39,s6920
2,s6921
11,s6922
7,s6923
2,s6924
7,s6925
29,s6926
2,s6926
16,s6926
1,s6927
2,s6928
2,s6929
17,s6929
8,s6929
2,s6930
7,s6931
2,s6932
17,s6932
50,s6933
2,s6934
2,s6935
2,s6936
4,s6937
45,s6938
2,s6939
2,s6940
13,s6941
17,s6942
2,s6942
2,s6943
30,s6944
2,s6944
2,s6945
58,s6945
2,s6946
2,s6947
13,s6948
2,s6949
2,s6950
2,s6951
17,s6952
2,s6953
16,s6953
2,s6954
17,s6954
2,s6955
17,s6956
7,s6956
2,s6957
2,s6958
2,s6959
2,s6960
4,s6961
2,s6962
28,s6963
16,s6963
47,s6964
2,s6965
22,s6966
4,s6967
16,s6968
13,s6969
17,s6970
2,s6971
7,s6972
7,s6973
4,s6974
2,s6974
26,s6975
4,s6976
13,s6977
2,s6978
7,s6979
14,s6980
83,s6981
2,s6982
12,s6983
13,s6984
2,s6985
30,s6985
2,s6986
44,s6987
44,s6988
4,s6989
1,s6990
2,s6991
2,s6992
2,s6993
4,s6994
2,s6995
2,s6996
3,s6996
44,s6997
2,s6998
17,s6998
7,s6999
4,s7000
30,s7001
7,s7001
24,s7001
2,s7001
1,s7002
2,s7003
2,s7004
7,s7005
2,s7006
21,s7007
42,s7008
2,s7009
2,s7010
17,s7010
2,s7011
17,s7011
108,s7012
89,s7012
8,s7012
10,s7012
60,s7012
2,s7013
7,s7013
2,s7014
11,s7015
2,s7015
2,s7016
17,s7017
7,s7017
49,s7017
1,s7018
2,s7019
2,s7020
4,s7021
2,s7022
4,s7023
4,s7024
83,s7025
7,s7026
17,s7027
2,s7028
20,s7028
8,s7028
7,s7029
2,s7030
24,s7030
2,s7031
2,s7032
2,s7033
1,s7034
26,s7035
4,s7036
18,s7036
7,s7037
2,s7038
2,s7039
11,s7040
16,s7041
16,s7042
22,s7042
2,s7042
7,s7043
2,s7044
2,s7045
1,s7046
44,s7047
7,s7048
14,s7048
21,s7048
2,s7049
2,s7050
2,s7051
17,s7052
30,s7052
2,s7052
16,s7053
28,s7053
4,s7054
2,s7055
2,s7056
14,s7056
2,s7057
2,s7058
8,s7058
14,s7059
39,s7060
2,s7061
7,s7062
2,s7062
109,s7062
12,s7063
74,s7064
2,s7064
4,s7065
7,s7066
2,s7066
2,s7067
73,s7067
2,s7068
4,s7069
7,s7070
2,s7071
2,s7072
2,s7073
2,s7074
2,s7075
2,s7076
7,s7077
8,s7078
2,s7078
8,s7079
7,s7079
2,s7079
4,s7080
7,s7081
2,s7082
38,s7083
7,s7084
11,s7085
17,s7086
2,s7087
17,s7088
18,s7089
18,s7090
18,s7091
2,s7092
17,s7093
3,s7094
8,s7094
49,s7094
14,s7094
4,s7095
4,s7096
2,s7097
2,s7098
17,s7099
2,s7099
7,s7099
14,s7099
68,s7099
4,s7100
7,s7101
22,s7102
4,s7103
2,s7104
1,s7105
20,s7106
46,s7107
2,s7108
1,s7109
4,s7110
14,s7111
21,s7111
17,s7112
2,s7113
30,s7113
2,s7114
51,s7115
4,s7116
1,s7117
4,s7118
4,s7119
83,s7120
18,s7121
2,s7122
42,s7123
2,s7124
2,s7125
2,s7126
2,s7127
30,s7128
2,s7128
14,s7128
2,s7129
4,s7130
2,s7131
29,s7132
2,s7133
1,s7134
7,s7135
4,s7136
2,s7137
4,s7138
1,s7139
2,s7140
7,s7141
4,s7142
67,s7143
11,s7144
4,s7145
2,s7146
1,s7147
2,s7148
2,s7149
2,s7150
2,s7151
2,s7152
13,s7152
8,s7153
2,s7153
17,s7153
28,s7154
2,s7155
18,s7156
7,s7157
8,s7157
17,s7157
2,s7157
12,s7158
4,s7159
4,s7160
4,s7161
4,s7162
4,s7163
4,s7164
2,s7165
14,s7165
17,s7165
54,s7165
60,s7165
4,s7166
7,s7167
4,s7168
4,s7169
4,s7170
2,s7171
4,s7172
2,s7173
4,s7174
4,s7175
2,s7176
2,s7177
2,s7178
2,s7179
2,s7180
2,s7181
2,s7182
83,s7183
4,s7184
4,s7185
4,s7186
4,s7187
4,s7188
4,s7189
4,s7190
4,s7191
2,s7192
2,s7193
2,s7194
56,s7195
49,s7196
21,s7196
7,s7196
2,s7196
1,s7197
2,s7198
18,s7198
2,s7199
7,s7200
14,s7201
2,s7202
2,s7203
2,s7204
2,s7205
52,s7206
7,s7207
2,s7208
2,s7209
17,s7209
1,s7210
2,s7211
14,s7212
21,s7212
16,s7212
2,s7212
4,s7213
2,s7214
1,s7215
7,s7216
50,s7217
18,s7218
2,s7219
67,s7219
38,s7219
2,s7220
2,s7221
7,s7221
13,s7221
7,s7222
1,s7223
7,s7224
59,s7224
47,s7224
8,s7224
53,s7224
4,s7225
59,s7226
47,s7226
53,s7226
1,s7227
1,s7228
1,s7229
1,s7230
4,s7231
1,s7232
1,s7233
1,s7234
2,s7235
1,s7236
2,s7237
2,s7238
4,s7239
28,s7240
16,s7240
2,s7240
11,s7241
2,s7241
2,s7242
16,s7243
4,s7243
31,s7243
1,s7244
7,s7245
12,s7246
12,s7247
4,s7248
2,s7249
4,s7250
26,s7251
2,s7252
2,s7253
24,s7254
2,s7255
1,s7256
11,s7257
11,s7258
36,s7259
11,s7259
2,s7259
4,s7260
44,s7261
28,s7262
2,s7263
2,s7264
36,s7265
4,s7266
7,s7267
2,s7268
11,s7268
22,s7269
2,s7270
7,s7271
22,s7271
2,s7272
14,s7272
14,s7273
14,s7274
2,s7275
30,s7275
2,s7276
2,s7277
2,s7278
1,s7279
7,s7280
4,s7281
2,s7282
17,s7282
2,s7283
13,s7283
16,s7284
28,s7285
2,s7286
2,s7287
1,s7288
47,s7289
1,s7290
47,s7291
16,s7291
1,s7292
2,s7293
24,s7293
14,s7294
2,s7295
12,s7296
2,s7297
17,s7298
2,s7299
2,s7300
2,s7301
7,s7302
17,s7303
28,s7304
2,s7305
11,s7306
2,s7307
7,s7308
2,s7309
4,s7309
46,s7310
1,s7311
28,s7312
13,s7313
13,s7314
13,s7315
2,s7316
34,s7316
33,s7316
2,s7317
1,s7318
1,s7319
1,s7320
2,s7321
2,s7322
2,s7323
2,s7324
20,s7325
11,s7326
7,s7327
7,s7328
2,s7328
14,s7329
2,s7329
11,s7330
2,s7331
22,s7332
14,s7332
7,s7333
2,s7333
7,s7334
17,s7335
28,s7336
8,s7337
4,s7338
1,s7339
1,s7340
36,s7341
2,s7342
13,s7342
110,s7342
7,s7342
17,s7343
39,s7344
2,s7345
28,s7346
4,s7347
28,s7348
22,s7349
1,s7350
2,s7351
46,s7352
45,s7353
7,s7354
8,s7355
7,s7355
2,s7356
2,s7357
28,s7358
26,s7359
16,s7360
4,s7361
4,s7362
26,s7363
67,s7363
78,s7363
4,s7364
4,s7365
14,s7365
2,s7366
4,s7367
13,s7368
2,s7368
2,s7369
2,s7370
2,s7371
28,s7372
4,s7373
2,s7374
67,s7375
24,s7376
18,s7377
14,s7378
21,s7378
14,s7379
59,s7380
4,s7381
4,s7382
4,s7383
4,s7384
28,s7385
12,s7386
111,s7386
4,s7387
4,s7388
4,s7389
2,s7390
2,s7391
16,s7391
28,s7391
7,s7392
14,s7392
1,s7393
4,s7394
4,s7395
2,s7396
2,s7397
2,s7398
7,s7399
7,s7400
4,s7401
4,s7402
7,s7403
17,s7404
2,s7404
2,s7405
1,s7406
2,s7407
4,s7408
2,s7409
2,s7410
28,s7411
16,s7411
2,s7412
2,s7413
4,s7414
1,s7415
2,s7416
18,s7417
2,s7418
7,s7418
7,s7419
4,s7420
22,s7421
26,s7422
4,s7423
2,s7424
28,s7425
46,s7426
2,s7427
2,s7428
4,s7429
11,s7430
17,s7431
2,s7432
17,s7433
42,s7434
91,s7434
7,s7435
7,s7436
13,s7437
4,s7438
1,s7439
2,s7440
22,s7441
8,s7442
2,s7442
53,s7442
2,s7443
2,s7444
17,s7445
20,s7445
45,s7446
1,s7447
20,s7448
19,s7449
2,s7450
4,s7451
7,s7452
2,s7453
69,s7453
4,s7454
2,s7455
34,s7455
1,s7456
2,s7457
14,s7458
4,s7459
2,s7460
17,s7461
2,s7461
2,s7462
17,s7462
4,s7463
11,s7464
18,s7465
59,s7466
7,s7466
14,s7466
30,s7466
2,s7467
2,s7468
39,s7469
2,s7470
2,s7471
2,s7472
7,s7472
7,s7473
42,s7473
50,s7474
2,s7475
4,s7476
2,s7477
2,s7478
19,s7479
16,s7480
17,s7480
2,s7480
22,s7481
2,s7482
2,s7483
20,s7483
1,s7484
2,s7485
7,s7486
17,s7487
46,s7488
8,s7489
7,s7489
2,s7490
2,s7491
2,s7492
2,s7493
2,s7494
2,s7495
2,s7496
2,s7497
2,s7498
2,s7499
2,s7500
2,s7501
2,s7502
17,s7503
2,s7504
8,s7504
7,s7505
7,s7506
7,s7507
2,s7507
2,s7508
14,s7509
21,s7509
83,s7510
2,s7510
8,s7511
2,s7511
2,s7512
4,s7513
4,s7514
13,s7515
2,s7516
2,s7517
2,s7518
38,s7519
53,s7519
8,s7519
49,s7519
28,s7520
2,s7521
17,s7522
46,s7523
2,s7524
4,s7525
14,s7526
2,s7527
2,s7528
2,s7529
20,s7530
2,s7531
17,s7532
4,s7533
2,s7534
46,s7535
2,s7536
17,s7537
24,s7538
7,s7539
37,s7540
14,s7540
1,s7541
2,s7542
17,s7542
2,s7543
17,s7543
1,s7544
28,s7545
7,s7546
2,s7547
7,s7548
44,s7549
7,s7550
2,s7550
1,s7551
2,s7552
4,s7553
2,s7554
11,s7554
24,s7555
4,s7555
30,s7556
2,s7557
112,s7557
4,s7558
2,s7559
18,s7560
2,s7561
2,s7562
1,s7563
2,s7564
2,s7565
4,s7566
2,s7567
2,s7568
7,s7569
2,s7569
2,s7570
2,s7571
2,s7572
7,s7572
2,s7573
7,s7573
7,s7574
7,s7575
2,s7576
2,s7577
67,s7578
26,s7578
14,s7578
20,s7578
2,s7578
2,s7579
2,s7580
2,s7581
2,s7582
4,s7583
2,s7584
2,s7585
2,s7586
1,s7587
2,s7588
13,s7588
18,s7589
17,s7590
2,s7590
4,s7591
67,s7592
2,s7593
59,s7594
2,s7595
4,s7596
2,s7596
2,s7597
4,s7597
22,s7597
16,s7597
7,s7598
2,s7599
2,s7600
2,s7601
2,s7602
2,s7603
2,s7604
2,s7605
2,s7606
2,s7607
2,s7608
2,s7609
2,s7610
2,s7611
2,s7612
2,s7613
2,s7614
2,s7615
2,s7616
2,s7617
2,s7618
2,s7619
2,s7620
2,s7621
2,s7622
7,s7623
17,s7623
8,s7624
1,s7625
38,s7626
24,s7627
18,s7628
2,s7629
7,s7630
47,s7631
8,s7631
21,s7631
7,s7631
14,s7631
47,s7632
8,s7632
21,s7632
7,s7632
14,s7632
53,s7632
1,s7633
7,s7634
2,s7635
14,s7636
37,s7636
20,s7636
2,s7636
58,s7636
13,s7637
2,s7638
2,s7639
2,s7640
28,s7641
20,s7642
2,s7643
44,s7644
44,s7645
1,s7646
17,s7647
2,s7648
2,s7649
14,s7650
46,s7651
28,s7652
33,s7653
4,s7653
16,s7653
2,s7653
4,s7654
2,s7655
2,s7656
2,s7657
2,s7658
7,s7659
24,s7660
2,s7660
44,s7661
2,s7662
4,s7663
2,s7664
2,s7665
4,s7666
2,s7667
47,s7668
14,s7668
2,s7668
53,s7668
13,s7669
86,s7669
2,s7670
22,s7671
7,s7672
16,s7673
28,s7673
1,s7674
7,s7675
22,s7676
16,s7677
95,s7677
28,s7677
2,s7678
28,s7679
2,s7680
4,s7681
13,s7682
58,s7682
4,s7683
7,s7684
17,s7685
2,s7685
8,s7685
16,s7686
7,s7687
7,s7688
44,s7688
4,s7689
2,s7690
2,s7691
4,s7692
27,s7693
36,s7693
13,s7694
44,s7695
2,s7696
2,s7697
28,s7698
2,s7699
7,s7700
20,s7701
2,s7702
4,s7703
17,s7704
2,s7705
17,s7706
4,s7707
4,s7708
2,s7709
2,s7710
36,s7711
2,s7711
2,s7712
4,s7713
2,s7714
2,s7715
12,s7716
2,s7717
4,s7718
2,s7719
4,s7720
44,s7721
2,s7722
2,s7723
50,s7724
7,s7725
2,s7725
30,s7726
7,s7726
2,s7726
2,s7727
20,s7727
17,s7728
2,s7729
2,s7730
14,s7731
8,s7731
10,s7731
21,s7731
2,s7732
2,s7733
13,s7733
1,s7734
14,s7735
21,s7735
2,s7736
4,s7737
44,s7738
19,s7739
4,s7740
2,s7741
2,s7742
4,s7743
2,s7744
4,s7745
26,s7746
14,s7747
7,s7748
7,s7749
2,s7750
14,s7751
21,s7751
2,s7752
7,s7752
2,s7753
17,s7754
2,s7754
37,s7755
113,s7755
24,s7755
8,s7755
14,s7755
2,s7756
2,s7757
71,s7758
14,s7758
42,s7758
2,s7758
7,s7759
4,s7760
1,s7761
2,s7762
1,s7763
2,s7764
2,s7765
14,s7765
18,s7765
2,s7766
14,s7767
18,s7767
2,s7767
2,s7768
14,s7768
18,s7768
2,s7769
2,s7770
32,s7770
2,s7771
32,s7771
18,s7771
2,s7772
2,s7773
32,s7773
2,s7774
2,s7775
2,s7776
2,s7777
1,s7778
2,s7779
1,s7780
2,s7781
2,s7782
2,s7783
2,s7784
14,s7784
18,s7784
2,s7785
49,s7785
18,s7785
14,s7785
2,s7786
14,s7786
18,s7786
2,s7787
2,s7788
2,s7789
4,s7790
37,s7790
2,s7791
4,s7792
2,s7793
2,s7794
28,s7795
1,s7796
2,s7797
2,s7798
2,s7799
17,s7800
26,s7801
4,s7802
2,s7803
17,s7804
4,s7804
7,s7805
4,s7806
4,s7807
2,s7808
2,s7809
7,s7810
2,s7810
39,s7811
2,s7812
95,s7812
1,s7813
1,s7814
2,s7815
1,s7816
2,s7817
2,s7818
33,s7819
4,s7820
2,s7821
4,s7822
2,s7823
16,s7824
4,s7825
4,s7826
2,s7827
4,s7828
4,s7829
23,s7830
18,s7830
14,s7830
4,s7831
22,s7832
4,s7833
83,s7834
2,s7835
4,s7836
46,s7837
4,s7838
1,s7839
2,s7840
11,s7841
17,s7842
2,s7843
13,s7844
2,s7845
4,s7846
7,s7847
2,s7848
1,s7849
46,s7850
7,s7851
2,s7852
50,s7853
17,s7854
11,s7854
8,s7854
3,s7854
2,s7855
7,s7856
2,s7856
17,s7856
17,s7857
8,s7858
14,s7858
2,s7858
17,s7858
7,s7858
2,s7859
2,s7860
28,s7861
4,s7862
1,s7863
28,s7864
2,s7864
7,s7865
2,s7866
7,s7866
11,s7867
2,s7868
2,s7869
4,s7870
7,s7871
30,s7871
4,s7872
4,s7873
4,s7874
4,s7875
19,s7876
24,s7877
7,s7878
2,s7879
18,s7879
2,s7880
2,s7881
2,s7882
2,s7883
2,s7884
2,s7885
46,s7886
2,s7887
2,s7888
65,s7888
4,s7889
17,s7889
30,s7890
17,s7890
7,s7890
2,s7890
17,s7891
7,s7892
8,s7892
44,s7893
1,s7894
2,s7895
2,s7896
2,s7897
11,s7898
4,s7899
11,s7900
28,s7901
2,s7902
8,s7902
13,s7902
4,s7903
2,s7904
2,s7905
2,s7906
18,s7907
2,s7908
2,s7909
2,s7910
4,s7911
24,s7912
2,s7913
4,s7914
24,s7915
14,s7915
12,s7916
17,s7917
4,s7918
83,s7919
4,s7920
2,s7921
4,s7922
4,s7923
4,s7924
46,s7925
4,s7926
4,s7927
46,s7928
3,s7929
2,s7929
1,s7930
2,s7931
4,s7932
4,s7933
2,s7934
13,s7935
14,s7935
30,s7935
14,s7936
17,s7937
13,s7938
4,s7938
4,s7939
4,s7940
4,s7941
2,s7942
1,s7943
4,s7944
4,s7945
2,s7946
2,s7947
46,s7948
2,s7949
2,s7950
7,s7950
13,s7950
2,s7951
2,s7952
2,s7953
2,s7954
24,s7955
14,s7955
2,s7956
2,s7957
2,s7958
2,s7959
2,s7960
2,s7961
7,s7961
17,s7961
18,s7961
2,s7962
2,s7963
2,s7964
2,s7965
53,s7966
7,s7966
15,s7966
2,s7967
28,s7968
39,s7968
22,s7969
2,s7970
7,s7970
20,s7970
22,s7970
2,s7971
2,s7972
2,s7973
7,s7974
2,s7975
7,s7976
2,s7977
7,s7978
7,s7979
2,s7980
7,s7980
12,s7981
7,s7982
14,s7982
2,s7982
17,s7983
85,s7984
97,s7985
2,s7986
2,s7987
2,s7988
7,s7989
14,s7989
11,s7990
2,s7991
38,s7992
4,s7993
24,s7994
3,s7994
91,s7994
13,s7994
2,s7994
4,s7995
4,s7996
4,s7997
28,s7998
2,s7999
4,s8000
2,s8001
2,s8002
7,s8003
2,s8003
2,s8004
8,s8004
7,s8004
13,s8004
4,s8005
2,s8006
13,s8007
13,s8008
4,s8009
2,s8010
2,s8011
58,s8011
7,s8012
2,s8012
4,s8013
2,s8013
44,s8014
24,s8015
14,s8015
37,s8015
2,s8016
4,s8017
2,s8018
17,s8019
14,s8019
2,s8019
2,s8020
29,s8021
36,s8022
11,s8022
2,s8022
2,s8023
36,s8023
4,s8024
45,s8025
37,s8026
2,s8026
78,s8027
2,s8028
2,s8029
44,s8030
17,s8030
2,s8030
2,s8031
2,s8032
16,s8033
28,s8033
2,s8033
16,s8034
28,s8034
2,s8035
14,s8035
2,s8036
2,s8037
2,s8038
2,s8039
2,s8040
2,s8041
7,s8042
32,s8042
2,s8043
2,s8044
2,s8045
2,s8046
2,s8047
4,s8048
2,s8049
45,s8050
11,s8051
2,s8052
2,s8053
10,s8054
7,s8054
14,s8054
2,s8055
2,s8056
13,s8057
7,s8057
17,s8057
2,s8058
44,s8059
2,s8060
2,s8061
7,s8062
2,s8063
2,s8064
2,s8065
2,s8066
7,s8067
2,s8068
2,s8069
7,s8070
2,s8071
2,s8072
2,s8073
14,s8073
114,s8074
2,s8074
2,s8075
2,s8076
2,s8077
20,s8078
2,s8079
2,s8080
17,s8081
17,s8082
2,s8082
7,s8082
2,s8083
2,s8084
7,s8085
37,s8086
2,s8087
2,s8088
46,s8089
2,s8090
4,s8091
44,s8092
2,s8093
2,s8094
17,s8094
22,s8095
2,s8096
13,s8097
7,s8097
2,s8097
32,s8097
24,s8097
14,s8097
2,s8098
4,s8099
2,s8100
17,s8101
2,s8102
7,s8102
14,s8103
2,s8103
17,s8103
13,s8104
7,s8104
49,s8105
21,s8105
2,s8106
2,s8107
22,s8108
33,s8109
1,s8110
2,s8111
2,s8112
24,s8113
14,s8113
44,s8114
4,s8115
38,s8116
7,s8117
14,s8117
17,s8117
21,s8117
2,s8117
22,s8118
2,s8119
47,s8120
7,s8120
53,s8120
4,s8121
14,s8121
4,s8122
4,s8123
2,s8124
4,s8125
2,s8126
22,s8126
16,s8126
2,s8127
2,s8128
2,s8129
7,s8130
2,s8131
45,s8132
2,s8133
2,s8134
2,s8135
2,s8136
4,s8137
1,s8138
2,s8139
7,s8139
2,s8140
17,s8140
2,s8141
53,s8141
16,s8142
28,s8142
28,s8143
2,s8144
4,s8145
4,s8146
2,s8147
8,s8147
14,s8148
2,s8148
7,s8149
2,s8149
4,s8150
14,s8151
2,s8152
2,s8153
46,s8154
2,s8155
2,s8156
4,s8157
2,s8158
28,s8159
2,s8159
2,s8160
28,s8160
1,s8161
4,s8162
2,s8163
115,s8163
26,s8164
14,s8164
2,s8164
8,s8164
60,s8164
28,s8165
11,s8166
2,s8167
8,s8167
7,s8167
2,s8168
8,s8168
7,s8168
24,s8168
14,s8169
2,s8170
4,s8171
7,s8172
4,s8172
4,s8173
4,s8174
2,s8175
2,s8176
2,s8177
11,s8178
20,s8178
17,s8179
2,s8180
1,s8181
17,s8182
13,s8183
2,s8184
2,s8185
32,s8185
7,s8185
26,s8186
22,s8187
2,s8188
2,s8189
2,s8190
15,s8191
2,s8191
2,s8192
46,s8193
23,s8194
20,s8195
14,s8195
65,s8195
17,s8196
2,s8196
2,s8197
17,s8197
14,s8198
17,s8198
2,s8198
7,s8199
2,s8199
1,s8200
2,s8201
7,s8202
2,s8203
28,s8204
2,s8205
2,s8206
1,s8207
33,s8208
7,s8209
7,s8210
2,s8211
2,s8212
17,s8213
2,s8213
2,s8214
7,s8215
2,s8216
7,s8217
2,s8218
14,s8219
2,s8220
2,s8221
2,s8222
17,s8222
16,s8222
7,s8223
2,s8223
2,s8224
2,s8225
30,s8226
17,s8226
68,s8226
2,s8226
7,s8226
56,s8226
4,s8226
2,s8227
19,s8228
2,s8229
10,s8229
7,s8229
2,s8230
1,s8231
28,s8232
2,s8233
16,s8233
2,s8234
38,s8235
8,s8235
4,s8236
17,s8237
2,s8238
2,s8239
2,s8240
46,s8241
19,s8242
2,s8243
13,s8244
46,s8245
20,s8246
11,s8246
11,s8247
14,s8247
7,s8248
2,s8248
2,s8249
2,s8250
7,s8251
2,s8252
2,s8253
17,s8254
38,s8255
8,s8255
42,s8255
68,s8255
21,s8255
14,s8255
2,s8255
46,s8256
2,s8257
22,s8258
2,s8259
2,s8260
42,s8261
7,s8262
18,s8262
2,s8262
2,s8263
7,s8264
2,s8264
4,s8265
45,s8266
2,s8267
7,s8267
4,s8268
7,s8269
13,s8270
62,s8271
2,s8271
17,s8272
13,s8272
2,s8273
28,s8273
26,s8274
67,s8274
2,s8275
24,s8276
2,s8276
2,s8277
18,s8278
2,s8279
2,s8280
45,s8281
2,s8282
28,s8282
17,s8283
2,s8284
2,s8285
2,s8286
7,s8287
116,s8287
2,s8288
2,s8289
2,s8290
2,s8291
7,s8292
2,s8292
2,s8293
7,s8294
7,s8295
2,s8296
2,s8297
19,s8298
2,s8299
2,s8300
34,s8300
7,s8300
33,s8301
2,s8302
7,s8303
28,s8304
2,s8305
2,s8306
28,s8307
2,s8308
16,s8308
2,s8309
7,s8310
16,s8310
2,s8310
4,s8310
7,s8311
2,s8312
2,s8313
34,s8313
32,s8314
2,s8315
7,s8316
2,s8316
59,s8317
45,s8318
2,s8319
2,s8320
2,s8321
53,s8321
59,s8321
4,s8322
38,s8323
2,s8324
2,s8325
2,s8326
7,s8327
2,s8327
95,s8327
2,s8328
7,s8328
95,s8328
1,s8329
1,s8330
22,s8331
7,s8332
4,s8333
2,s8334
13,s8334
7,s8335
2,s8336
2,s8337
2,s8338
2,s8339
20,s8340
17,s8340
2,s8340
17,s8341
2,s8342
17,s8343
20,s8344
2,s8345
2,s8346
44,s8347
1,s8348
2,s8349
4,s8350
4,s8351
17,s8352
2,s8353
4,s8353
58,s8353
7,s8354
7,s8355
2,s8355
2,s8356
7,s8357
17,s8357
14,s8357
2,s8357
7,s8358
11,s8359
47,s8360
2,s8361
2,s8362
2,s8363
7,s8364
7,s8365
2,s8366
7,s8367
2,s8368
1,s8369
7,s8370
14,s8370
14,s8371
2,s8372
2,s8373
4,s8374
8,s8374
14,s8374
45,s8375
2,s8376
1,s8377
7,s8378
2,s8378
13,s8378
17,s8379
2,s8379
22,s8380
2,s8381
2,s8382
21,s8383
30,s8383
49,s8383
8,s8383
117,s8383
13,s8384
14,s8385
2,s8385
2,s8386
33,s8387
7,s8388
2,s8389
2,s8390
2,s8391
4,s8392
1,s8393
17,s8394
2,s8394
2,s8395
14,s8396
17,s8396
24,s8396
2,s8396
16,s8396
8,s8397
2,s8398
30,s8399
7,s8399
34,s8399
14,s8399
49,s8399
30,s8400
2,s8401
2,s8402
2,s8403
47,s8404
45,s8404
15,s8404
59,s8404
7,s8404
38,s8404
14,s8404
2,s8404
8,s8404
49,s8404
32,s8405
2,s8405
32,s8406
2,s8406
7,s8407
8,s8407
2,s8407
7,s8408
42,s8409
28,s8410
2,s8411
13,s8411
3,s8411
7,s8411
7,s8412
2,s8412
20,s8412
8,s8412
34,s8412
17,s8412
2,s8413
2,s8414
8,s8414
11,s8414
2,s8415
2,s8416
2,s8417
2,s8418
22,s8419
2,s8420
2,s8421
7,s8421
2,s8422
2,s8423
14,s8424
20,s8425
47,s8426
2,s8427
17,s8427
32,s8428
2,s8429
53,s8430
2,s8431
7,s8432
24,s8433
1,s8434
2,s8435
2,s8436
2,s8437
2,s8438
17,s8439
2,s8440
8,s8441
2,s8442
2,s8443
2,s8444
56,s8445
2,s8446
7,s8447
7,s8448
2,s8449
2,s8450
1,s8451
2,s8452
7,s8453
2,s8453
8,s8454
2,s8455
10,s8455
2,s8456
118,s8457
66,s8457
119,s8457
3,s8457
2,s8457
7,s8458
2,s8458
2,s8459
4,s8460
46,s8461
2,s8462
17,s8463
2,s8463
22,s8464
2,s8465
7,s8465
2,s8466
10,s8466
2,s8467
22,s8468
2,s8469
2,s8470
2,s8471
17,s8472
45,s8473
2,s8474
8,s8474
2,s8475
4,s8476
7,s8477
2,s8478
17,s8478
18,s8478
120,s8478
2,s8479
2,s8480
32,s8481
1,s8482
14,s8483
7,s8484
20,s8484
21,s8484
74,s8485
22,s8485
108,s8485
46,s8486
2,s8487
7,s8488
2,s8489
2,s8490
29,s8491
7,s8492
2,s8493
13,s8494
2,s8494
2,s8495
7,s8495
2,s8496
47,s8497
7,s8497
3,s8497
53,s8497
21,s8497
13,s8498
8,s8499
17,s8499
2,s8499
2,s8500
2,s8501
2,s8502
14,s8502
18,s8502
2,s8503
2,s8504
4,s8505
2,s8506
24,s8507
2,s8508
11,s8509
45,s8510
97,s8511
2,s8512
2,s8513
2,s8514
42,s8515
2,s8516
7,s8517
2,s8518
2,s8519
2,s8520
2,s8521
7,s8522
2,s8523
2,s8524
17,s8524
2,s8525
2,s8526
7,s8526
2,s8527
2,s8528
46,s8529
2,s8530
7,s8531
2,s8532
58,s8532
2,s8533
2,s8534
2,s8535
2,s8536
7,s8537
2,s8538
7,s8539
30,s8540
17,s8540
2,s8540
7,s8540
2,s8541
2,s8542
2,s8543
44,s8544
1,s8545
2,s8546
21,s8547
14,s8547
2,s8548
2,s8549
2,s8550
46,s8551
2,s8552
13,s8553
2,s8553
32,s8554
7,s8554
13,s8554
2,s8555
56,s8556
19,s8557
2,s8558
7,s8559
17,s8559
2,s8559
2,s8560
16,s8561
7,s8562
38,s8563
14,s8564
7,s8565
2,s8565
7,s8566
17,s8567
39,s8568
30,s8569
28,s8570
17,s8571
4,s8572
2,s8573
2,s8574
44,s8575
22,s8576
16,s8577
21,s8578
4,s8579
2,s8579
44,s8580
2,s8581
2,s8582
17,s8582
7,s8583
7,s8584
13,s8584
17,s8584
2,s8584
28,s8585
16,s8585
1,s8586
2,s8587
2,s8588
16,s8589
16,s8590
4,s8591
4,s8592
1,s8593
1,s8594
2,s8595
2,s8596
8,s8597
2,s8597
24,s8597
2,s8598
27,s8598
2,s8599
7,s8600
17,s8601
7,s8602
17,s8602
18,s8602
1,s8603
7,s8604
2,s8604
7,s8605
2,s8605
10,s8605
2,s8606
4,s8607
2,s8608
2,s8609
1,s8610
2,s8611
4,s8612
44,s8613
22,s8614
7,s8615
2,s8616
7,s8617
16,s8617
2,s8617
7,s8618
33,s8618
8,s8618
2,s8619
7,s8620
17,s8621
2,s8622
1,s8623
2,s8624
2,s8625
3,s8626
2,s8626
2,s8627
3,s8627
7,s8628
4,s8629
4,s8630
4,s8631
2,s8632
7,s8633
76,s8633
3,s8633
81,s8633
2,s8633
29,s8634
2,s8635
2,s8636
2,s8637
2,s8638
17,s8639
2,s8639
4,s8639
7,s8639
4,s8640
2,s8641
7,s8641
2,s8642
2,s8643
18,s8644
2,s8644
2,s8645
2,s8646
7,s8647
4,s8648
7,s8649
17,s8650
13,s8651
2,s8652
14,s8652
4,s8653
44,s8654
7,s8655
17,s8655
2,s8655
2,s8656
2,s8657
2,s8658
37,s8659
7,s8659
2,s8659
17,s8660
2,s8661
7,s8662
8,s8662
17,s8663
4,s8663
46,s8664
2,s8665
4,s8666
46,s8667
2,s8668
2,s8669
7,s8669
8,s8669
2,s8670
2,s8671
4,s8672
4,s8673
2,s8674
7,s8675
4,s8675
53,s8675
2,s8676
7,s8677
21,s8677
2,s8678
2,s8679
1,s8680
4,s8681
4,s8682
12,s8683
4,s8684
22,s8685
7,s8686
83,s8687
4,s8688
4,s8689
2,s8690
1,s8691
2,s8692
7,s8693
2,s8694
2,s8695
17,s8695
4,s8696
2,s8697
4,s8697
7,s8698
46,s8699
11,s8700
42,s8701
2,s8702
2,s8703
33,s8703
4,s8703
121,s8703
16,s8703
7,s8704
14,s8704
2,s8704
2,s8705
20,s8706
2,s8707
2,s8708
2,s8709
26,s8709
42,s8710
2,s8711
28,s8712
7,s8713
4,s8714
2,s8715
2,s8716
14,s8716
2,s8717
42,s8718
1,s8719
16,s8720
12,s8721
39,s8722
2,s8723
7,s8724
2,s8725
45,s8726
2,s8727
7,s8728
4,s8728
2,s8728
78,s8729
2,s8729
7,s8729
8,s8730
2,s8730
7,s8730
17,s8730
2,s8731
2,s8732
7,s8733
7,s8734
2,s8735
2,s8736
39,s8737
7,s8738
17,s8739
4,s8739
44,s8739
2,s8739
58,s8739
2,s8740
7,s8741
7,s8742
2,s8743
2,s8744
7,s8745
2,s8746
122,s8746
91,s8746
14,s8747
49,s8747
3,s8747
15,s8747
2,s8748
13,s8749
12,s8750
2,s8751
2,s8752
2,s8753
17,s8754
2,s8755
2,s8756
2,s8757
2,s8758
7,s8759
1,s8760
2,s8761
83,s8762
4,s8763
2,s8764
2,s8765
17,s8766
2,s8766
2,s8767
2,s8768
11,s8769
4,s8770
4,s8771
4,s8772
4,s8773
4,s8774
46,s8775
62,s8775
2,s8775
4,s8776
14,s8777
21,s8777
44,s8778
44,s8779
44,s8780
2,s8781
18,s8782
2,s8782
2,s8783
1,s8784
29,s8785
20,s8785
1,s8786
7,s8787
2,s8788
89,s8789
108,s8789
74,s8789
123,s8789
56,s8790
2,s8791
2,s8792
28,s8793
2,s8794
46,s8795
14,s8795
18,s8796
17,s8796
12,s8797
2,s8798
14,s8798
22,s8798
45,s8798
4,s8799
4,s8800
83,s8801
58,s8802
35,s8802
2,s8803
1,s8804
2,s8805
2,s8806
4,s8807
